站號,站名,海拔高度(m),經度,緯度,城市,地址,資料起始日期,撤站日期,備註,原站號,新站號
466850,五分山雷達站,756,121.7812,25.0712,新北市,瑞芳區靜安路四段1巷1號,1988/07/01,　,本站只有雷達觀測資料。,　,　
466880,板橋,9.7,121.442,24.9976,新北市,板橋區大觀路二段265巷62號,1972/03/01,　,原為探空站，自2002年開始進行氣象觀測。,　,　
466900,淡水,19,121.4489,25.1649,新北市,淡水區中正東路42巷6號,1942/01/01,　,　,　,　
466910,鞍部,825.8,121.5297,25.1826,臺北市,北投區陽明山竹子湖路111號,1937/01/01,　,　,　,　
466920,臺北,6.3,121.5149,25.0377,臺北市,中正區公園路64號,1896/01/01,　,2014至2015氣候年報之氣壓計海面上高度應為30.3m(2014/10/25搬遷，6.6m->30.3m),　,　
466930,竹子湖,607.1,121.5445,25.1621,臺北市,北投區陽明山竹子湖路2號,1937/01/01,　,　,　,　
466940,基隆,26.7,121.7405,25.1333,基隆市,仁愛區港西街6號6樓(海港大樓6樓),1946/01/01,　,　,　,　
466950,彭佳嶼,101.7,122.0797,25.628,基隆市,中正區彭佳嶼,1910/01/01,　,　,　,　
466990,花蓮,16,121.6133,23.9751,花蓮縣,花蓮市花崗街24號,1910/01/01,　,　,　,　
467050,新屋,20.6,121.0475,25.0067,桃園市,新屋區東興路二段946號,2013/07/01,　,座標及高度於2013/10/09更正。,　,　
467060,蘇澳,24.9,121.8574,24.5967,宜蘭縣,蘇澳鎮港區路1號6樓(蘇澳港行政大樓6樓),1981/07/01,　,1981/12/1開始觀測。,　,　
467080,宜蘭,7.2,121.7565,24.764,宜蘭縣,宜蘭市力行路150號,1935/01/01,　,　,　,　
467110,金門,47.9,118.2893,24.4073,金門縣,金城鎮金水里西海路一段250號,2004/01/01,　,　,　,　
467300,東吉島,43,119.6675,23.257,澎湖縣,望安鄉東吉村156號,1962/01/01,　,　,　,　
467350,澎湖,10.7,119.5631,23.5655,澎湖縣,馬公市新興路2號,1896/01/01,　,　,　,　
467410,臺南,40.8,120.2048,22.9932,臺南市,中西區公園路21號,1897/01/01,　,1998/05停止觀測，2002/01恢復觀測。2002年至2006年氣候年報之風速儀地上高度應為53.7m。,　,　
467420,永康,8.1,120.2367,23.0384,臺南市,永康區鹽行里正南五街520巷88號,1947/06/01,　,　,　,　
467440,高雄,2.3,120.3157,22.566,高雄市,前鎮區明孝里26鄰漁港南二路2號,1931/01/01,　,　,　,　
467480,嘉義,26.9,120.4329,23.4959,嘉義市,西區北新里海口寮路56號,1968/09/01,　,　,　,　
467490,臺中,84,120.6841,24.1457,臺中市,北區精武路295號,1896/01/01,　,2000年至2006年氣候年報之海拔高度誤植為34m。,　,　
467530,阿里山,2413.4,120.8132,23.5082,嘉義縣,阿里山鄉中正村4鄰東阿里山73-1號,1933/01/01,　,　,　,　
467540,大武,8.1,120.9038,22.3557,臺東縣,大武鄉大武街115號,1939/01/01,　,　,　,　
467550,玉山,3844.8,120.9595,23.4876,南投縣,信義鄉玉山北峰1號,1943/01/01,　,　,　,　
467571,新竹,26.9,121.0142,24.8279,新竹縣,竹北市北崙里3鄰光明五街60號,1991/07/01,　,　,　,　
467590,恆春,22.1,120.7463,22.0039,屏東縣,恆春鎮天文路50號,1896/01/01,　,　,　,　
467610,成功,33.5,121.3734,23.0975,臺東縣,成功鎮公民路84號,1940/01/01,　,　,　,　
467620,蘭嶼,324,121.5583,22.037,臺東縣,蘭嶼鄉紅頭村2號,1941/01/01,　,　,　,　
467650,日月潭,1017.5,120.9081,23.8813,南投縣,魚池鄉水社村中山路270巷14號,1940/01/01,　,　,　,　
467660,臺東,9,121.1546,22.7522,臺東縣,臺東市大同路106號,1901/01/01,　,　,　,　
467770,梧棲,31.7,120.5234,24.256,臺中市,梧棲區臺灣大道十段2號海港大樓6樓,1976/11/01,　,　,　,　
467790,墾丁雷達站,42,120.808,21.9482,屏東縣,恆春鎮燈塔路51巷33號,2001/11/01,　,本站只有雷達觀測資料。,　,　
467990,馬祖,97.8,119.9234,26.1693,連江縣,南竿鄉四維村6鄰88號,2004/01/01,　,　,　,　
C0A520,山佳,48,121.402,24.9749,新北市,樹林區中山路3段5號(山佳國民小學校園內),1987/06/01,　,　,　,　
C0A530,坪林,300,121.7094,24.9382,新北市,坪林區,1987/06/01,　,　,　,　
C0A540,四堵,401,121.7459,24.8928,新北市,坪林區碧湖(北宜路旁之碧湖橋道路上行約10分鐘),1987/06/01,　,　,　,　
C0A550,泰平,460,121.8237,24.9712,新北市,雙溪區泰平里8鄰大平路43號(泰平國小分校附近),1987/06/01,　,　,　,　
C0A560,福山,405,121.5028,24.7762,新北市,烏來區福山里李茂岸八號(福山國小旁),1987/06/01,　,　,　,　
C0A570,桶後,360,121.598,24.8482,新北市,烏來區后桶街49號孝義里5-6k處路旁,1987/06/01,　,　,　,　
C0A580,屈尺,70,121.5463,24.9224,新北市,新店區屈尺里10鄰屈尺路55號(屈尺國民小學國小校園內),1987/06/01,　,　,　,　
C0A640,石碇,241,121.6629,24.9939,新北市,石碇區湳窟34號附近,2009/12/01,　,原(C1A640)站因擴充為氣象站，於2009/12/1升級為(C0A640)站。,C1A640,　
C0A650,火燒寮,287,121.7429,25.0027,新北市,平溪區東勢里,2009/12/01,　,原(C1A650)站因擴充為氣象站，於2009/12/1升級為(C0A650)站。,C1A650,　
C0A660,瑞芳,97,121.8011,25.1132,新北市,瑞芳區22403龍山里逢甲路360號(義方國民小學校園內),2009/12/01,　,原(C1A660)站因擴充為氣象站，於2009/12/1升級為(C0A660)站。,C1A660,　
C0A860,大坪,362,121.633,25.1659,新北市,萬里區溪底里香員林6-3號,1995/01/01,　,　,　,　
C0A870,五指山,685,121.6087,25.1322,新北市,汐止區國軍示範公墓旁之復興廣播電台門口外,1995/01/01,　,　,　,　
C0A880,福隆,6,121.9421,25.0178,新北市,貢寮區東北角海岸國家風景管理處之福隆遊客中心後方,1995/01/01,　,　,　,　
C0A890,雙溪,40,121.8642,25.036,新北市,雙溪區雙溪里社區活動中心旁花圃內,1995/01/01,　,　,　,　
C0A920,富貴角,196,121.5653,25.2638,新北市,石門區山溪里10鄰九芎林13號旁(石門國小山溪分班附近),1995/01/01,　,　,　,　
C0A931,三和,216,121.5952,25.2332,新北市,金山區三和國小兩湖分校,2014/04/01,　,原(C0A930)站因移位，於2014/4/1更變為(C0A931)站。,C0A930,　
C0A940,金山,49,121.644,25.2236,新北市,金山區中興段404地號(磺港社區活動中心內),1995/01/01,　,　,　,　
C0A950,鼻頭角,118,121.9234,25.129,新北市,瑞芳區鼻頭角燈塔旁,1995/01/01,　,　,　,　
C0A970,三貂角,116,122.0021,25.0076,新北市,貢寮區三貂角燈塔旁,1996/01/01,　,　,　,　
C0A980,社子,54,121.4697,25.1095,臺北市,士林區延平北路9段212號(台北海洋技術學院內),1997/12/01,　,　,　,　
C0A9A0,大直,49,121.5429,25.078,臺北市,中山區北安路420號(大直高中內),1997/12/01,　,　,　,　
C0A9B0,石牌,7,121.5138,25.1163,臺北市,北投區石牌路1段139號(石牌國中內),1997/12/01,　,　,　,　
C0A9C0,天母,35,121.5372,25.1175,臺北市,士林區天母東路116號(三玉國小內),1997/12/01,　,　,　,　
C0A9E0,士林,26,121.503,25.0903,臺北市,士林區延平北路6段308號(社子國小內),1997/12/01,　,　,　,　
C0A9F0,內湖,35,121.5755,25.0794,臺北市,內湖區內湖路一段520號(內湖高工內),1997/12/01,　,　,　,　
C0A9G0,南港,42,121.6029,25.0554,臺北市,南港區興南路62號(東新國小內),1997/12/01,　,　,　,　
C0A9I1,三重,18,121.4885,25.0567,新北市,三重區集美街10號(集美國小校園內),2010/10/11,　,原(C0A9I0)站因移位，於2010/10/11更變為(C0A9I1)站。,C0A9I0,　
C0AC40,大屯山,1079,121.5224,25.1757,臺北市,北投區湖田段461-6地號(民航局大屯山助航臺),2006/01/01,　,　,　,　
C0AC60,三峽,55,121.3697,24.939,新北市,三峽區復興路238號(三峽國中校園內),2009/10/01,　,　,　,　
C0AC70,信義,71,121.5646,25.0378,臺北市,信義區市府路1號(台北市政府頂樓),2009/10/01,　,　,　,　
C0AC80,文山,40,121.5757,25.0024,臺北市,文山區木柵路4段159巷14-1號(博嘉國小校園內),2009/12/01,　,原(C1AC80)站因擴充為氣象站，於2009/12/1升級為(C0AC80)站。,C1AC80,　
C0ACA0,新莊,25,121.4468,25.0515,新北市,新莊區中和街193號(榮富國小校園內),2009/12/01,　,原(C1ACA0)站因擴充為氣象站，於2009/12/1升級為(C0ACA0)站，站址搬遷至同校行政大樓西側。,C1ACA0,　
C0AD00,三芝,86,121.5019,25.2581,新北市,三芝區育英路22號(三芝國小內),2009/11/01,　,　,　,　
C0AD10,八里,27,121.4039,25.1502,新北市,八里區中山路二段338號(八里國小內),2009/11/01,　,　,　,　
C0AD20,深坑,57,121.6176,25.0014,新北市,深坑區文化街45號(深坑國小內),2009/11/01,　,　,　,　
C0AD30,蘆洲,20,121.4723,25.0866,新北市,蘆洲區三民路96號(三民高中內),2009/11/01,　,　,　,　
C0AD40,土城,32,121.4452,24.9732,新北市,土城區金城路一段90號(新北市政府消防局土城分隊大樓樓頂),2009/11/01,　,　,　,　
C0AD50,鶯歌,84,121.3463,24.9515,新北市,鶯歌區尖山埔路106號(鶯歌國小內),2009/11/01,　,　,　,　
C0AG90,中和,25,121.4904,24.9926,新北市,中和區錦和路350號(錦和運動公園),2011/08/23,　,　,　,　
C0AH00,汐止,38,121.6588,25.0669,新北市,汐止區大同路二段394號(汐止國中),2011/09/01,　,　,　,　
C0AH10,永和,30,121.5081,25.0113,新北市,永和區永平路205號(永平高中校園內),2014/01/01,　,　,　,　
C0AH30,五分山,755,121.7808,25.0713,新北市,新北市瑞芳區靜安路四段1巷1號,2016/01/01,　,　,　,　
C0AH40,平等,405,121.5771,25.1291,臺北市,士林區平菁街101號(平等國小),2016/08/01,　,　,　,　
C0AH50,林口,275,121.3808,25.0722,新北市,林口區仁愛路二段173號(林口高中內),2017/01/10,　,　,　,　
C0AH70,松山,34,121.5504,25.0487,臺北市,松山區敦化北路1號(臺北市松山運動中心),2017/04/26,　,　,　,　
C0C460,復興,482,121.3523,24.8202,桃園市,復興區澤仁里中正路248號(介壽國民中學校園內),2007/10/01,　,原(C1C460)站因擴充為氣象站，於2007/10/1升級為(C0C460)站。,C1C460,　
C0C480,桃園,105,121.3232,24.9924,桃園市,桃園區成功路二段144號(桃園高級農工職業學校校園內),2008/01/01,　,原(C1C480)站因擴充為氣象站，於2008/1/1升級為(C0C480)站。,C1C480,　
C0C490,八德,157,121.2833,24.9287,桃園市,八德區興仁里中山路94號(八德國民小學校園內),2011/12/01,　,原(C1C490)站因擴充為氣象站，於2011/12/1升級為(C0C490)站。,C1C490,　
C0C520,中壢,151,121.1853,24.9676,桃園市,中壢區五權里(中央大學校園內),2007/10/01,　,原(C1C520)站因擴充為氣象站，於2007/10/1升級為(C0C520)站。,C1C520,　
C0C540,埔心,70,121.226,25.0478,桃園市,大園區埔心里25鄰埔心50號(埔心國民小學校園內),2008/01/01,　,原(C1C540)站因擴充為氣象站，於2008/1/1升級為(C0C540)站。,C1C540,　
C0C590,觀音,29,121.1533,25.0271,桃園市,觀音區廣福里10-42號(逸福農場),2007/10/01,　,　,　,　
C0C620,蘆竹,19,121.2658,25.0843,桃園市,蘆竹區坑口里14鄰旁,2011/12/01,　,原(C1C620)站因擴充為氣象站，於2011/12/1升級為(C0C620)站。,C1C620,　
C0C630,大溪,209,121.2655,24.8829,桃園市,大溪區員林路2段450號(員樹林國小校園內),2007/12/01,　,　,　,　
C0C650,平鎮,208,121.2146,24.8975,桃園市,平鎮區中豐路山頂段375巷45號(山豐國民小學校園內),2007/12/01,　,　,　,　
C0C660,楊梅,176,121.143,24.9124,桃園市,楊梅區金華街100號(楊心國小),2013/08/01,　,　,　,　
C0C670,龍潭,250,121.2214,24.8701,桃園市,龍潭區中興路726號（龍潭消防分隊）,2014/04/01,　,　,　,　
C0C680,龜山,228,121.3866,25.0285,桃園市,龜山區文化一路250號(國立體育大學田徑場),2017/4/12,　,　,　,　
C0D360,梅花,523,121.2086,24.6783,新竹縣,尖石鄉梅花村1鄰11號(梅花國小校園內),1987/06/01,　,　,　,　
C0D390,關西,146,121.1739,24.7982,新竹縣,關西鎮北斗里北門口41號(關西國中校園內),2008/01/01,　,原(C1D390)站因擴充為氣象站，於2008/1/1升級為(C0D390)站。,C1D390,　
C0D430,峨眉,87,121.0172,24.6905,新竹縣,峨眉鄉31541峨眉村峨眉街54號(峨眉國中校園內),2011/12/01,　,原(C1D430)站因擴充為氣象站，於2011/12/1升級為(C0D430)站。,C1D430,　
C0D480,打鐵坑,223,121.1508,24.8497,新竹縣,新埔鎮新北里8鄰大北坑28號旁,2008/01/01,　,原(C1D480)站因擴充為氣象站，於2008/1/1升級為(C0D480)站。,C1D480,　
C0D540,橫山,227,121.1169,24.7112,新竹縣,橫山鄉橫山村橫山段426-6地號上,2007/10/01,　,　,　,　
C0D550,雪霸,1956,121.1161,24.527,新竹縣,五峰鄉桃山村民石380號(雪霸農場內),2007/10/01,　,　,　,　
C0D560,竹東,147,121.0579,24.7671,新竹縣,竹東鎮二重國民小學校園內,2008/01/01,　,原(C1D560)站因擴充為氣象站，於2008/1/1升級為(C0D560)站。,C1D560,　
C0D570,香山,15,120.9055,24.7469,新竹市,香山區長興街路旁,2007/12/01,　,　,　,　
C0D580,寶山,120,121.0252,24.735,新竹縣,寶山鄉新湖路280號旁,2007/12/01,　,　,　,　
C0D590,新豐,143,120.9772,24.8707,新竹縣,新豐鄉上坑村坑子口102-1號(小叮噹科學遊樂區內),2007/10/01,　,原(C0C580)站因縣市代碼不符，於2008/2/25重新編碼為(C0D590)站。,C0C580,　
C0D650,湖口,97,121.0436,24.9048,新竹縣,湖口鄉信勢村三鄰成功路109號(湖口消防分隊),2013/10/01,　,　,　,　
C0D660,新竹市東區,65,120.9869,24.7987,新竹市,東區光復路二段321號（工研院光復院區6館）,2014/11/01,　,　,　,　
C0E420,竹南,19,120.8889,24.709,苗栗縣,竹南鎮大埔里仁愛路1092號(竹南鎮大埔國民小學內),1987/06/01,　,　,　,　
C0E430,南庄,258,121.0002,24.6018,苗栗縣,南庄鄉東村文化路3號(南庄國小校園內),1987/06/01,　,　,　,　
C0E520,大湖,320,120.8709,24.4149,苗栗縣,大湖鄉大寮村5鄰竹高屋34-1號附近,2011/11/01,　,原(C1E520)站因擴充為氣象站，於2011/11/1升級為(C0E520)站。,C1E520,　
C0E530,三義,341,120.766,24.4109,苗栗縣,三義鄉廣盛村10鄰122號(三義高中內),1990/07/21,　,　,　,　
C0E540,後龍,32,120.7839,24.6065,苗栗縣,後龍鎮後龍溪橋旁高地,2011/11/01,　,原(C1E540)站因擴充為氣象站，於2011/11/1升級為(C0E540)站。,C1E540,　
C0E550,明德,84,120.8854,24.5835,苗栗縣,頭屋鄉明德水庫水利工作站屋頂上,2011/11/01,　,原(C1E550)站因擴充為氣象站，於2011/11/1升級為(C0E550)站。,C1E550,　
C0E590,通霄,40,120.7046,24.4719,苗栗縣,通霄鎮城北里1鄰13號(通霄鎮城中國民小學內),2011/11/01,　,原(C1E590)站因擴充為氣象站，於2011/11/1升級為(C0E590)站，原為土城雨量站。,C1E590,　
C0E610,馬都安,850,120.9302,24.4513,苗栗縣,泰安鄉錦水村(由泰安開車約2小時瞭望台旁),1990/07/21,　,　,　,　
C0E730,頭份,26,120.9122,24.6882,苗栗縣,頭份市中正路219號(苗栗縣頭份鎮頭份國小校園內),2007/12/01,　,　,　,　
C0E740,造橋,27,120.8648,24.6371,苗栗縣,造橋鄉造橋村14鄰3號(造橋國小),2011/11/01,　,　,　,　
C0E750,苗栗,62,120.8246,24.5646,苗栗縣,苗栗市中正路241號(建功國小),2011/11/01,　,　,　,　
C0E780,銅鑼,160,120.7909,24.4897,苗栗縣,銅鑼鄉福興村文化街1號(銅鑼國小),2011/11/01,　,　,　,　
C0E790,卓蘭,344,120.8248,24.3128,苗栗縣,卓蘭鎮中山路127號(卓蘭鎮公所),2011/11/01,　,　,　,　
C0E810,西湖,53,120.7485,24.5629,苗栗縣,西湖鄉二湖村2鄰22號(僑文國小),2011/11/01,　,　,　,　
C0E820,獅潭,220,120.92,24.5391,苗栗縣,獅潭鄉新店村11鄰103-2號(獅潭鄉公所圖書館樓頂),2011/12/01,　,　,　,　
C0E830,苑裡,37,120.6531,24.4397,苗栗縣,苑裡鎮信義路1號(苑裡鎮公所),2013/12/01,　,　,　,　
C0E850,大河,104,120.9486,24.6181,苗栗縣,三灣鄉大河村48號(大河派出所),2015/08/04,　,　,　,　
C0E860,觀霧2,2616,121.1132,24.506,苗栗縣,苗栗縣南庄鄉,2016/01/01,　,　,　,　
C0F000,大肚,273,120.5721,24.153,臺中市,大肚區瑞井里遊園路一段2號(臺中區監理所內),2011/11/01,　,原(C1F000)站因擴充為氣象站，於2011/11/1升級為(C0F000)站。,C1F000,　
C0F0A0,雪山圈谷,3587,121.2363,24.3886,臺中市,和平區(往雪山主峰路上9.8公里處右邊),2016/07/15,　,　,　,　
C0F0B0,石岡,311,120.7776,24.2761,臺中市,石岡區石岡街6號 (臺中市石岡區衛生所),2016/10/01,　,　,　,　
C0F0C0,中坑,983,120.9033,24.2485,臺中市,和平區中坑里中坑段39地號內,2017/06/14,　,　,　,　
C0F850,東勢,379,120.833,24.2464,臺中市,東勢區東關路647號(東勢林區管理處雙崎工作站內),2011/11/01,　,原(C1F850)站因擴充為氣象站，於2011/11/1升級為(C0F850)站。,C1F850,　
C0F861,梨山,2215,121.2437,24.2475,臺中市,和平區梨山里福壽路29號（福壽山農場）,2004/07/01,　,　,C0F860,　
C0F930,大甲,100,120.6404,24.3477,臺中市,大甲區開元路71號(大甲高級工業職業學校內),2011/11/01,　,原(C1F930)站因擴充為氣象站，於2011/11/1升級為(C0F930)站。,C1F930,　
C0F970,大坑,145,120.7223,24.1731,臺中市,北屯區軍福十三路268號(東山消防分隊),2011/11/01,　,原(C1F970)站因擴充為氣象站，於2011/11/1升級為(C0F970)站。,C1F970,　
C0F9A0,中竹林,425,120.7511,24.1036,臺中市,太平區長龍路中埔二號橋至站址直線距離約1.7km,2011/11/01,　,原(C1F9A0)站因擴充為氣象站，於2011/11/1升級為(C0F9A0)站。,C1F9A0,　
C0F9I0,神岡,194,120.6583,24.2725,臺中市,神岡區三民路639號(圳堵國小校園南側大樓屋頂平台),2011/11/01,　,原(C1F9I0)站因擴充為氣象站，於2011/11/1升級為(C0F9I0)站。,C1F9I0,　
C0F9K0,大安,30,120.588,24.3451,臺中市,大安區中庄里中山南路296號(大安國小),2011/11/01,　,　,　,　
C0F9L0,后里,253,120.7297,24.3104,臺中市,后里區甲后路110號(后里國小),2011/11/01,　,　,　,　
C0F9M0,豐原,230,120.7207,24.2543,臺中市,豐原區豐榮里12鄰新生北路155號(豐原國小),2011/11/01,　,　,　,　
C0F9N0,大里,75,120.7014,24.0925,臺中市,大里區文化街120號(塗城國小),2011/11/01,　,　,　,　
C0F9O0,潭子,175,120.7039,24.2131,臺中市,潭子區中山路二段435號(潭子國小),2011/11/01,　,　,　,　
C0F9P0,清水,26,120.5622,24.3123,臺中市,清水區護岸路37號(高美國小),2011/11/01,　,　,　,　
C0F9Q0,外埔,149,120.7057,24.3478,臺中市,外埔區土城里土城西路55號(安定國小),2011/11/01,　,　,　,　
C0F9R0,龍井,20,120.529,24.1845,臺中市,龍井區西里龍門路51號(龍井國小),2011/11/01,　,　,　,　
C0F9S0,烏日,43,120.6241,24.1071,臺中市,烏日區中山路二段196號(烏日國小),2011/11/01,　,　,　,　
C0F9T0,西屯,111,120.6413,24.1795,臺中市,西屯區西屯路二段300號(西屯國小),2011/11/01,　,　,　,　
C0F9U0,南屯,74,120.638,24.137,臺中市,南屯區黎明路一段968號(南屯國小),2011/11/01,　,　,　,　
C0F9V0,新社,525,120.8158,24.2002,臺中市,新社區大南里興中街46號(農委會種苗改良繁殖場),2011/11/01,　,　,　,　
C0F9X0,大雅(中科園區),166,120.6245,24.2153,臺中市,大雅區中部科學工業園區臺中園區(汙水處理機房樓頂),2015/08/21,　,　,　,　
C0F9Y0,桃山,3313,121.3038,24.4327,臺中市,和平區(位於往桃山山屋叉路解說牌附近),2016/07/15,　,　,　,　
C0F9Z0,雪山東峰,3193,121.2687,24.3888,臺中市,和平區(位於雪山東峰直升機停機坪東南東方60公尺處),2016/07/15,　,　,　,　
C0G620,芬園,110,120.6213,24.0157,彰化縣,芬園鄉楓坑村大埔崙產業道路上(芬園往臺灣民俗村路上),2011/11/01,　,原(C1G620)站因擴充為氣象站，於2011/11/1升級為(C0G620)站。,C1G620,　
C0G640,鹿港,17,120.4305,24.0753,彰化縣,鹿港鎮海埔里顏厝巷67號(行政院退輔會魚殖管理處彰化分場內),1992/07/01,　,　,　,　
C0G650,員林,34,120.5856,23.9465,彰化縣,員林市萬年里明倫路2號(明倫國中內),1992/07/01,　,　,　,　
C0G660,溪湖,27,120.4791,23.9484,彰化縣,溪湖鎮大竹里彰水路2段725號(湖南國民小學內),2011/11/01,　,原(C1G660)站因擴充為氣象站，於2011/11/1升級為(C0G660)站。,C1G660,　
C0G720,溪州,50,120.4991,23.8516,彰化縣,溪州鄉溪下路四段560號(溪州鄉公所),2015/07/03,　,　,　,　
C0G730,二林,27,120.3761,23.9033,彰化縣,二林鎮仁愛路200號(二林消防分隊),2015/07/03,　,原中西(C1G700)站因移位及擴充為氣象站，於2015/7/1升級為(C0G730)站，站名更變為二林。,C1G700,　
C0G740,大城,24,120.3209,23.8525,彰化縣,大城鄉東城村中平路185號(大城鄉公所),2015/07/03,　,　,　,　
C0G750,竹塘,31,120.3825,23.8466,彰化縣,竹塘鄉永安村東陽路二段221號(永安派出所),2015/07/03,　,　,　,　
C0G770,福興,15,120.4377,24.0413,彰化縣,福興鄉員鹿路二段270號(福興國中),2011/11/01,　,　,　,　
C0G780,秀水,27,120.5039,24.0341,彰化縣,秀水鄉安東村中山路257號(秀水國小),2011/11/01,　,　,　,　
C0G790,花壇,27,120.5523,24.0161,彰化縣,花壇鄉中庄村中橋街226號(華南國小),2011/11/01,　,　,　,　
C0G800,埔鹽,15,120.4317,24.0004,彰化縣,埔鹽鄉永樂村永樂路600號(永樂國小),2011/11/01,　,　,　,　
C0G810,埔心,26,120.5255,23.9476,彰化縣,埔心鄉舊館村員鹿路四段201號(舊館國小),2011/11/01,　,　,　,　
C0G820,田尾,29,120.5094,23.9017,彰化縣,田尾鄉中正路二段101號(仁豐國小),2011/11/01,　,　,　,　
C0G830,埤頭,27,120.4528,23.866,彰化縣,埤頭鄉大湖村大湖路260號(大湖國小),2011/11/01,　,　,　,　
C0G840,北斗,32,120.5142,23.8776,彰化縣,北斗鎮斗苑路二段150號(螺陽國小),2011/11/01,　,　,　,　
C0G850,田中,62,120.5883,23.8568,彰化縣,田中鎮中州路一段177號(田中國小),2011/11/01,　,　,　,　
C0G860,社頭,45,120.5862,23.8976,彰化縣,社頭鄉社斗路一段258號(社頭國小),2011/11/01,　,　,　,　
C0G870,芳苑,12,120.32,23.9223,彰化縣,芳苑鄉仁愛村斗苑路芳苑段211號(芳苑國中),2011/11/01,　,　,　,　
C0G880,二水,92,120.6173,23.8107,彰化縣,二水鄉文化村119號(二水國小),2011/11/01,　,　,　,　
C0G890,伸港,24,120.4844,24.1489,彰化縣,伸港鄉新港村和平路60號(新港國小),2011/11/01,　,　,　,　
C0H890,埔里,440,120.9524,23.9722,南投縣,埔里鎮大城里大城路169號(南投縣立大成國民中學內),2016/01/01,　,原大肚城(C1H890)站因擴充為氣象站，於2015/9/4升級為(C0H890)站，站名更變為埔里。,C1H890,　
C0H950,中寮,192,120.7664,23.8844,南投縣,中寮鄉復興村初中巷50號(中寮國中校園內),2011/11/01,　,原(C1H950)站因擴充為氣象站，於2011/11/1升級為(C0H950)站。,C1H950,　
C0H960,草屯,120,120.6809,23.9737,南投縣,草屯鎮中山里草鞋墩1街8號(草屯鎮公所樓頂),2011/11/01,　,原(C1H960)站因擴充為氣象站，於2011/11/1升級為(C0H960)站。,C1H960,　
C0H990,昆陽,3076,121.2736,24.1213,南投縣,仁愛鄉昆陽警察局後方下坡處(太魯閣國家公園)石碑後20公尺,1992/07/01,　,本站於2015/8/24起進行儀器汰換，並於2015/12/31完成驗收。,　,　
C0H9A0,神木村,1595,120.8437,23.5327,南投縣,信義鄉神木村神木工作分站後方山坡上(對高岳營林區29林班地444號土地),1999/02/01,　,本站於2015/9/21起進行儀器汰換，並於2015/12/31完成驗收。,　,　
C0H9C0,合歡山,3402,121.2725,24.1434,南投縣,仁愛鄉(近合歡山三角點，由松雪樓開車約15分鐘，大甲溪事業區第81林班),2008/02/25,　,原(C0F950)站因縣市代碼不符，於2008/2/25重新編碼為(C0H9C0)站。,C0F950,　
C0I010,廬山,1562,121.1818,24.0333,南投縣,仁愛鄉大同村仁和路21號(埔里-霧社收費站-盧山電力公司瞭望台),1992/07/01,　,本站於2015/7/30起進行儀器汰換，並於2015/12/31完成驗收。,　,　
C0I080,信義,536,120.851,23.6897,南投縣,信義鄉自強村綠美巷(內茅埔營林區23林班地),2016/01/01,　,原(C1I080)站因擴充為氣象站，於2015/9/22升級為(C0I080)站。,C1I080,　
C0I090,鳳凰,910,120.7873,23.7281,南投縣,鹿谷鄉鳳凰鳥園旁,1992/07/01,　,　,　,　
C0I110,竹山,161,120.6882,23.7612,南投縣,竹山鎮延和里向學街32號(竹山國民小學內),1992/07/01,　,　,　,　
C0I360,水里,300,120.8498,23.8126,南投縣,水里鄉中山路一段515號(玉山國家公園管理處),2016/01/01,　,　,　,　
C0I370,魚池,671,120.9414,23.8957,南投縣,魚池鄉東池村魚池街194號(魚池鄉衛生所),2016/01/01,　,　,　,　
C0I380,集集,258,120.8015,23.8282,南投縣,集集鎮民生東路1號(農委會特有生物研究保育中心),2016/01/01,　,　,　,　
C0I390,仁愛,1184,121.1322,24.0221,南投縣,仁愛鄉仁和路50號(台電公司仁愛服務所),2016/01/01,　,　,　,　
C0I410,名間,180,120.7014,23.8371,南投縣,名間鄉董門巷2號(名間鄉立體停車場),2016/01/01,　,　,　,　
C0I420,國姓,305,120.8551,24.0378,南投縣,國姓鄉民族街40號(國姓鄉老人文康活動中心),2016/01/01,　,　,　,　
C0I460,南投,110,120.6792,23.9132,南投縣,南投市龍泉里玉井街5號(南投市公所樓頂),2015/09/21,　,　,　,　
C0I480,梅峰,2165,121.1736,24.0853,南投縣,仁愛鄉大同村仁和路215號(梅峰農場),2016/01/01,　,　,　,　
C0I490,萬大林道,1601,121.0914,23.9282,南投縣,仁愛鄉曲冰段(萬大林道約7.2k附近高地),2016/01/01,　,　,　,　
C0I520,玉山風口,3860,120.956,23.4705,南投縣,信義鄉(玉山主峰往北峰叉路空地附近),2016/07/15,　,　,　,　
C0K240,草嶺,1132,120.6935,23.5956,雲林縣,古坑鄉草嶺村龍頭,1992/07/01,　,　,　,　
C0K250,崙背,59,120.3189,23.7556,雲林縣,崙背鄉阿勸村阿勸農場(阿勸段487號),2016/01/01,　,原(C1K250)站因擴充為氣象站，於2015/6/8升級為(C0K250)站。,C1K250,　
C0K280,四湖,23,120.2271,23.6304,雲林縣,四湖鄉湖西村中正路766號(四湖國民中學內),1993/03/01,　,本站於2015/7/18起進行儀器汰換，並於2015/12/31完成驗收。,　,　
C0K291,宜梧,8,120.1693,23.5363,雲林縣,口湖鄉湖口村170號央廣口湖分台內(憲兵排樓頂),2010/09/27,　,原(C0K290)站因觀測位置不佳，於2010/9/27更變為(C0K291)站。於2015/7/1遷移至原址鄰近旁建物樓頂並進行儀器汰換。,C0K290,　
C0K330,虎尾,38,120.442,23.7192,雲林縣,虎尾鎮林森路一段64號(中正國民小學內),1993/03/01,　,本站於2015/5/27起進行儀器汰換，並於2015/7/1完成驗收。,　,　
C0K390,土庫,31,120.3956,23.679,雲林縣,土庫鎮建國路41號(土庫消防分隊),2015/07/03,　,　,　,　
C0K400,斗六,65,120.5411,23.7206,雲林縣,斗六市鎮北路345-1號(斗六消防分隊),2015/07/03,　,　,　,　
C0K410,北港,20,120.2928,23.574,雲林縣,北港鎮大同路565號(北港消防分隊),2015/07/03,　,　,　,　
C0K420,西螺,42,120.4674,23.8004,雲林縣,西螺鎮公正路211號(西螺消防分隊),2015/07/03,　,　,　,　
C0K430,褒忠,30,120.3036,23.6909,雲林縣,褒忠鄉中正路451號(褒忠鄉公所),2015/07/03,　,　,　,　
C0K440,二崙,35,120.4089,23.7728,雲林縣,雲林縣二崙鄉中正路80號(二崙消防分隊),2016/01/01,　,　,　,　
C0K450,大埤,35,120.4315,23.6461,雲林縣,大埤鄉中山路8號(大埤鄉公所),2015/07/03,　,　,　,　
C0K460,斗南,60,120.4784,23.6787,雲林縣,雲林縣斗南鎮延平路二段266號(斗南鎮停一立體停車場),2015/07/03,　,　,　,　
C0K470,林內,97,120.6096,23.7487,雲林縣,林內鄉中正路685號(林內消防分隊),2016/01/01,　,　,　,　
C0K480,莿桐,56,120.5024,23.7612,雲林縣,莿桐鄉和平路53號(莿桐鄉公所),2016/01/01,　,　,　,　
C0K490,古坑,91,120.5598,23.6543,雲林縣,古坑鄉中山路393號(古坑消防分隊),2015/07/03,　,　,　,　
C0K500,元長,12,120.315,23.6498,雲林縣,元長鄉長南村仁愛街2號(元長鄉公所),2015/07/03,　,　,　,　
C0K510,水林,10,120.246,23.5729,雲林縣,水林鄉水北村水林路12號(水林鄉公所),2015/07/03,　,　,　,　
C0K520,雲林東勢,10,120.1548,23.6744,雲林縣,東勢鄉東南村所前街3號(東勢鄉公所),2015/07/03,　,　,　,　
C0K530,臺西,12,120.1976,23.7015,雲林縣,台西鄉中山路110巷38號(臺西消防分隊),2015/07/03,　,　,　,　
C0K550,蔦松,15,120.2297,23.5143,雲林縣,水林鄉松中村蔦松路213號(蔦松國小),2016/01/01,　,　,　,　
C0K560,棋山,117,120.6034,23.6865,雲林縣,古坑鄉棋盤村棋山49號(棋山國小),2016/01/01,　,　,　,　
C0M410,馬頭山,245,120.582,23.3244,嘉義縣,大埔鄉永樂村1鄰內灣仔2號,1988/12/01,　,本站於 2013/3/21 進行儀器汰換，並於2013/8/1完成驗收。,　,　
C0M520,東後寮,15,120.2481,23.3699,嘉義縣,義竹鄉東光村7號(台糖東後寮農場),2015/07/03,　,原(C1M520)站因擴充為氣象站，於2015/7/1升級為(C0M520)站。,C1M520,　
C0M530,奮起湖,1385,120.6993,23.4939,嘉義縣,竹崎鄉阿里山事業區148林班地(中興苗圃內),1993/03/01,　,本站於2015/7/7起進行儀器汰換，並於2015/12/31完成驗收。,　,　
C0M640,中埔,155,120.5229,23.4254,嘉義縣,中埔鄉中埔村128號(中埔鄉公所),2015/07/03,　,　,　,　
C0M650,朴子,20,120.239,23.4346,嘉義縣,朴子市竹村里36號(竹村國小),2015/07/03,　,　,　,　
C0M660,溪口,40,120.4036,23.6041,嘉義縣,溪口鄉中正東路103號(溪口國中學生活動中心),2015/07/03,　,　,　,　
C0M670,大林,43,120.4584,23.6006,嘉義縣,大林鎮新興街110號(大林地政事務所),2015/07/03,　,　,　,　
C0M680,太保,37,120.3315,23.4551,嘉義縣,太保市太保里31號(太保市圖書館),2015/07/03,　,　,　,　
C0M690,水上,33,120.3889,23.4197,嘉義縣,水上鄉三鎮村三鎮路119號(水上消防分隊),2015/07/03,　,　,　,　
C0M700,竹崎,150,120.5555,23.5262,嘉義縣,竹崎鄉竹崎村舊車站79號(竹崎消防分隊),2015/07/03,　,　,　,　
C0M710,東石,15,120.1539,23.4589,嘉義縣,東石鄉東石村3號(東石鄉公所),2015/07/03,　,　,　,　
C0M720,番路,225,120.5542,23.4647,嘉義縣,番路鄉下坑村蔡公店101號(番路鄉公所),2015/07/03,　,　,　,　
C0M730,嘉義市東區,40,120.4605,23.4577,嘉義市,親水路123 號(第五河川局水情中心),2015/07/03,　,　,　,　
C0M740,六腳,15,120.2906,23.4929,嘉義縣,六腳鄉蒜頭村73-2號(六腳消防分隊),2015/07/03,　,　,　,　
C0M750,布袋,10,120.1678,23.3809,嘉義縣,布袋鎮龍江里2-2號(布袋消防分隊),2015/07/03,　,　,　,　
C0M760,民雄,40,120.4285,23.5518,嘉義縣,民雄鄉文化路7號(民雄鄉公所),2015/07/03,　,　,　,　
C0M770,嘉義梅山,164,120.5556,23.5854,嘉義縣,梅山鄉中山路282號(梅山鄉公所),2015/07/03,　,　,　,　
C0M780,鹿草,30,120.3084,23.4113,嘉義縣,鹿草鄉西井村287號(鹿草鄉公所),2015/07/03,　,　,　,　
C0M790,新港,15,120.3457,23.5533,嘉義縣,新港鄉公園路28號(新港消防分隊),2015/07/03,　,　,　,　
C0M800,茶山,440,120.6648,23.2991,嘉義縣,阿里山鄉茶山路62號之1(茶山村衛生室),2016/01/01,　,　,　,　
C0M810,里佳,1354,120.7166,23.3891,嘉義縣,阿里山鄉里佳村,2016/01/01,　,　,　,　
C0M820,達邦,980,120.7495,23.454,嘉義縣,阿里山鄉達邦村21號(鄒族自然與文化中心),2016/01/01,　,　,　,　
C0M830,山美,540,120.6682,23.3838,嘉義縣,阿里山鄉山美村(原阿里山鄉農會山美辦事處),2016/01/01,　,　,　,　
C0O810,曾文,161,120.4973,23.2197,臺南市,楠西區曾文新村(曾文水庫管理局內),1988/12/01,　,　,　,　
C0O830,北寮,127,120.495,23.0796,臺南市,南化區北寮里48-4號,2013/04/18,　,原(C1O830)站因擴充為氣象站，於2013/4/18升級為(C0O830)站。,C1O830,　
C0O840,王爺宮,144,120.3995,23.2213,臺南市,六甲區王爺里24號（六甲國小湖東分校）,2013/12/01,　,原(C1O840)站因觀測條件不佳及擴充為氣象站，於2013/12/1升級為(C0O840)站。,C1O840,　
C0O860,大內,38,120.3608,23.1189,臺南市,大內區74201大內里63號(大內國民小學),2013/08/01,　,原(C1O860)站因擴充為氣象站，於2013/8/1升級為(C0O860)站。,C1O860,　
C0O900,善化,9,120.2972,23.1129,臺南市,善化區益民寮60號(亞洲蔬菜研究發展中心內),1988/12/01,　,本站於 2013/5/11 進行儀器汰換，並於2013/8/1完成驗收。,　,　
C0O930,玉井,69,120.4606,23.126,臺南市,玉井區台灣糖業公司玉井糖廠,1988/12/01,　,　,　,　
C0O950,安南,4,120.1449,23.0767,臺南市,安南區公學路6段589號(學東國民小學內),2013/08/01,　,原(C1O950)站因擴充為氣象站，於2013/8/1升級為(C0O950)站。,C1O950,　
C0O960,崎頂,112,120.3693,22.9595,臺南市,龍崎區中坑里5鄰13號,2013/04/18,　,原(C1O960)站因擴充為氣象站，於2013/4/18升級為(C0O960)站。,C1O960,　
C0O970,虎頭埤,71,120.3479,23.0214,臺南市,新化區口埤18號(新化分場),2013/08/01,　,原(C1O970)站因擴充為氣象站，於2013/8/1升級為(C0O970)站。,C1O970,　
C0O980,新市,18,120.2982,23.0616,臺南市,新市區永就里53號(番子寮農場),2013/08/01,　,原(C1O980)站因擴充為氣象站，於2013/8/1升級為(C0O980)站。,C1O980,　
C0O990,媽廟,18,120.2935,22.9918,臺南市,歸仁區中正北路3段60號(保西國民小學內),2013/12/01,　,原(C1O990)站因擴充為氣象站，於2013/12/1升級為(C0O990)站。,C1O990,　
C0R100,尾寮山,1006,120.6839,22.8331,屏東縣,三地門鄉口社檢查站車程約2小時(尾寮山瞭望台旁),1992/05/01,　,本站於2013/10/10進行儀器汰換，並於2013/12/1完成驗收。,　,　
C0R130,阿禮,1040,120.7437,22.7429,屏東縣,霧台鄉(屏東事業區第46林班)由山地文化村開車約2小時需徒步轉波站前面,2013/08/01,　,原(C1R130)站因擴充為氣象站，於2013/8/1升級為(C0R130)站。,C1R130,　
C0R140,瑪家,740,120.6866,22.6829,屏東縣,瑪家鄉瑪家村4鄰24號(後山),2013/08/01,　,原(C1R140)站因擴充為氣象站，於2013/8/1升級為(C0R140)站。,C1R140,　
C0R150,三地門,105,120.6399,22.7099,屏東縣,內埔鄉水門村成功路83號(國立內埔高級農工職業學校內),1992/05/01,　,本站於2013/9/10進行儀器汰換，並於2013/12/1完成驗收。,　,　
C0R160,鹽埔新圍,45,120.5308,22.7396,屏東縣,鹽埔鄉彭厝國民小學校園,2013/12/01,　,原(C1R160)站於2013/12/1變更為(C0R160)站。,C1R160,　
C0R170,屏東,26,120.4941,22.6603,屏東縣,屏東市復興路245號(台灣糖業公司屏東區處場區內),2013/12/01,　,原(C1R170)站於2013/12/1變更為(C0R170)站。,C1R170,　
C0R190,赤山,32,120.6143,22.5923,屏東縣,萬巒鄉建興路40號（赤山國小）,2013/12/01,　,原(C1R190)站因觀測環境不佳，於2013/12/1遷移至(C0R190)站。,C1R190,　
C0R220,潮州,23,120.54,22.5344,屏東縣,潮州鎮光春路290號(屏東縣立光春國民中學內),1992/05/01,　,本站於2013/9/10進行儀器汰換，並於2013/12/1完成驗收。,　,　
C0R240,來義,87,120.6251,22.5273,屏東縣,萬巒鄉新隆路64號萬巒農場（佳佐段180號）,2013/12/01,　,原(C1R240)站因擴充為氣象站，於2013/12/1升級為(C0R240)站。,C1R240,　
C0R260,春日,76,120.6283,22.3704,屏東縣,春日鄉春日國民小學內,2013/12/01,　,原(C1R260)站因擴充為氣象站，於2013/12/1升級為(C0R260)站。,C1R260,　
C0R270,琉球嶼,51,120.3622,22.3322,屏東縣,琉球鄉天台段596及597地號,1997/07/01,　,本站於2013/9/26進行儀器汰換，並於2013/12/1完成驗收。,　,　
C0R280,檳榔,242,120.8368,22.0761,屏東縣,滿州鄉長樂村大公路14號(往南仁山方向),1997/07/01,　,　,　,　
C0R350,貓鼻頭,35,120.7358,21.9218,屏東縣,恆春鎮(貓鼻頭風景區內),1997/07/01,　,　,　,　
C0R360,墾丁,20,120.8022,21.9456,屏東縣,恆春鎮墾丁里牧場路1號(畜產試驗所恆春分所內),1997/07/01,　,　,　,　
C0R370,佳樂水,55,120.8446,21.992,屏東縣,滿州鄉港口村茶山路14號(佳樂山林務局工作站內),1997/07/01,　,　,　,　
C0R380,枋寮,2,120.5896,22.3694,屏東縣,枋寮鄉枋寮村德興路197號(枋寮國民小學操場旁),1997/07/01,　,　,　,　
C0R400,楓港,15,120.6927,22.1902,屏東縣,枋山鄉善餘村光復路24號(楓港國民小學操場旁),1997/07/01,　,　,　,　
C0R420,牡丹池山,504,120.8406,22.1678,屏東縣,牡丹鄉電信轉播臺旁步行約3分鐘(恆春事業區21林班地),1999/04/15,　,　,　,　
C0R430,東港,31,120.4417,22.4649,屏東縣,東港鎮豐漁街66號(國立東港高級海事水產職業學校),2009/01/01,　,本站於2013/6/18 進行儀器汰換，並於2013/8/1完成驗收。,　,　
C0R470,高樹,103,120.6008,22.8264,屏東縣,高樹鄉興中路329號(高樹鄉公所),2013/08/01,　,　,　,　
C0R480,長治,57,120.5426,22.6931,屏東縣,長治鄉德成村中興路572-1號(長治消防分隊),2013/08/01,　,　,　,　
C0R490,九如,49,120.4905,22.7405,屏東縣,九如鄉九如路二段416號(九如鄉公所),2013/08/01,　,　,　,　
C0R500,竹田,32,120.544,22.5849,屏東縣,竹田鄉中正路123號(竹田鄉公所),2013/08/01,　,　,　,　
C0R510,萬丹,31,120.4904,22.5878,屏東縣,萬丹鄉萬安村和平東路69號(萬丹消防分隊),2013/08/01,　,　,　,　
C0R520,崁頂,18,120.5069,22.5148,屏東縣,崁頂鄉崁頂村興農路20之10號(崁頂消防分隊),2013/08/01,　,　,　,　
C0R530,林邊,16,120.51,22.4308,屏東縣,林邊鄉光林村和平路45號(林邊鄉衛生所),2013/08/01,　,　,　,　
C0R540,佳冬,17,120.5524,22.4195,屏東縣,佳冬鄉佳昌路2號(佳冬鄉公所),2013/08/01,　,　,　,　
C0R550,新埤,38,120.5829,22.4679,屏東縣,新埤鄉民眾路103號(新埤消防分隊),2013/08/01,　,　,　,　
C0R560,新園,22,120.4616,22.5434,屏東縣,新園鄉仙吉村店口路116號(新園消防分隊),2013/08/01,　,　,　,　
C0R570,麟洛,37,120.5272,22.6508,屏東縣,麟洛鄉中山路158號(麟洛鄉公所),2013/12/01,　,　,　,　
C0R580,南州,10,120.5027,22.4859,屏東縣,南州鄉溪南村人和路241號(南州消防分隊),2013/08/01,　,　,　,　
C0R590,里港,72,120.4946,22.7792,屏東縣,里港鄉永春村中山路104號(里港鄉公所),2013/08/01,　,　,　,　
C0R600,舊泰武,766,120.6649,22.5882,屏東縣,泰武鄉泰武村良武巷101號(舊泰武村老人活動中心),2013/12/01,　,　,　,　
C0R620,墾雷,34,120.8553,21.9008,屏東縣,恆春鎮燈塔路51巷33號(氣象局墾丁雷達站區內),2016/06/22,　,　,　,　
C0S680,紅葉山,1659,121.0392,22.9198,臺東縣,延平鄉紅葉山瞭望臺旁(延平林道23k處步行約50分鐘),1997/07/01,　,　,　,　
C0S690,太麻里,522,120.9853,22.609,臺東縣,太麻里鄉(往金針山茶區之半路上),1997/07/01,　,　,　,　
C0S700,知本,507,121.0056,22.6849,臺東縣,卑南鄉溫泉村(溫泉國小之樂山分校內),1997/07/01,　,　,　,　
C0S710,鹿野,382,121.123,22.9177,臺東縣,臺東縣鹿野鄉鹿野高台高眺亭公廁東側草地上,1997/07/01,　,於2015/1/1短距離位移。,　,　
C0S730,綠島,110,121.4753,22.6672,臺東縣,綠島鄉,1997/07/01,　,　,　,　
C0S740,池上,289,121.2095,23.1196,臺東縣,池上鄉新興村104號(退輔會臺東農場內),1997/07/01,　,　,　,　
C0S750,向陽,2280,120.9861,23.2484,臺東縣,海端鄉向陽(公路局向陽工務段圍牆內),1997/07/01,　,　,　,　
C0S760,紅石,1621,121.1262,23.0691,臺東縣,海端鄉紅石(紅石瞭望臺旁),1997/07/01,　,　,　,　
C0S770,大溪山,375,120.9433,22.4785,臺東縣,太麻里鄉多良村(廢棄中華電信轉播站旁),1997/07/01,　,　,　,　
C0S790,金崙,236,120.9669,22.5381,臺東縣,太麻里鄉金崙段0304-1地號,2004/06/01,　,　,　,　
C0S810,東河,65,121.304,22.9727,臺東縣,東河鄉北東河17鄰26號(東河國民小學操場旁),2004/06/01,　,原(C1S640)站因擴充為氣象站，於2004/6/1升級為(C0S810)站。,C1S640,　
C0S830,長濱,288,121.412,23.2868,臺東縣,長濱鄉竹湖村移民橋後方山頂三角點旁,2004/06/01,　,原(C1S650)站因擴充為氣象站，於2004/6/1升級為(C0S830)站。,C1S650,　
C0S840,南田,22,120.8892,22.2797,臺東縣,達仁鄉南田村南田風景區公園對面,2004/06/01,　,　,　,　
C0S890,關山,238,121.175,23.0395,臺東縣,關山鎮親水公園內,2016/01/01,　,　,　,　
C0T790,大禹嶺,2830,121.3161,24.1861,花蓮縣,秀林鄉立霧溪事業區67林班地(救國團大禹山莊),1996/01/01,　,　,　,　
C0T820,天祥,550,121.4956,24.1796,花蓮縣,秀林鄉立霧溪事業區80林班地(天祥祥德寺),1996/01/01,　,　,　,　
C0T841,新城,23,121.6095,24.0379,花蓮縣,新城鄉大漢村樹人街1號(大漢技術學院內),2009/10/15,　,原(C0T840)站因移位，於2009/10/15更變為(C0T841)站。,C0T840,　
C0T870,鯉魚潭,135,121.5089,23.9356,花蓮縣,壽豐鄉池南村池南路一段8號(鯉魚潭風景區旁),1996/01/01,　,本站於2017/4/7起進行儀器汰換，於2017/6/3完成驗收。,　,　
C0T900,西林,160,121.4415,23.8119,花蓮縣,萬榮鄉西林路8鄰114號(西林國民小學運動場旁),2010/07/01,　,原(C1T900)站因擴充為氣象站，於2010/7/1升級為(C0T900)站，2017/4/14起進行儀器汰換，於2017/6/3完成驗收。,C1T900,　
C0T960,光復,120,121.425,23.6607,花蓮縣,光復鄉大進村糖廠街19號(台糖公司花蓮光復糖廠內),1996/01/01,　,本站於2017/5/3起進行儀器汰換，於2017/6/3完成驗收。,　,　
C0T9A0,月眉山,498,121.5398,23.8099,花蓮縣,壽豐鄉月眉山旁的小山丘上(過米棧大橋往山上水璉方向至四號橋左轉之山上),2000/10/01,　,本站於2017/5/11起進行儀器汰換，於2017/6/3完成驗收。,　,　
C0T9B0,水源,558,121.5372,23.9919,花蓮縣,秀林鄉原林務局水源段的苗圃內,2000/10/01,　,本站於2017/3/27起進行儀器汰換，於2017/6/3完成驗收。,　,　
C0T9C0,富世,109,121.6296,24.1482,花蓮縣,秀林鄉富世村127號(富世國小校園內),2004/06/01,　,　,　,　
C0T9D0,和中,7,121.7413,24.2666,花蓮縣,秀林鄉和平國小和中分校校園內,2004/06/01,　,　,　,　
C0T9E0,大坑,415,121.582,23.8806,花蓮縣,壽豐鄉10鄰山嶺80之1號(中華電信公司賀田山機房)旁,2004/06/01,　,本站於2017/4/20起進行儀器汰換，於2017/6/3完成驗收。,　,　
C0T9F0,水璉,283,121.5425,23.7971,花蓮縣,壽豐鄉水璉村,2004/06/01,　,本站於2017/4/27起進行儀器汰換，於2017/6/3完成驗收。,　,　
C0T9G0,鳳林山,605,121.4201,23.7353,花蓮縣,鳳林鎮,2004/06/01,　,本站於2017/4/6起進行儀器汰換，於2017/6/3完成驗收。,　,　
C0T9H0,加路蘭山,725,121.5274,23.6829,花蓮縣,豐濱鄉臨海段776-4號之國防部陸軍總司令部加路蘭山營區,2004/06/01,　,本站於2017/4/19起進行儀器汰換，於2017/6/3完成驗收。,　,　
C0T9I0,豐濱,152,121.5148,23.5839,花蓮縣,豐濱鄉豐濱村,2004/06/01,　,本站於2017/4/25起進行儀器汰換，於2017/6/3完成驗收。,　,　
C0T9M0,靜浦,92,121.495,23.4552,花蓮縣,豐濱鄉靜浦村活動中心後山上,1997/07/01,　,原(C0S720)站因縣市代碼不符，於2008/2/25重新編碼為(C0T9M0)站。,C0S720,　
C0U520,雙連埤,517,121.6413,24.753,宜蘭縣,員山鄉雙連埤地區(需徒步20分鐘),2010/07/01,　,原(C1U521)站因擴充為氣象站，於2010/7/1升級為(C0U520)站。,C1U521,　
C0U600,礁溪,10,121.7655,24.8175,宜蘭縣,礁溪鄉礁溪路四段23號(礁溪國民中學教室後宿舍旁),1996/01/01,　,　,　,　
C0U620,壯圍,17,121.7897,24.7437,宜蘭縣,壯圍鄉壯五路40號(壯圍國民小學操場旁),2010/07/01,　,原(C1U620)站因擴充為氣象站，於2010/7/1升級為(C0U620)站。,C1U620,　
C0U650,玉蘭,494,121.5871,24.6753,宜蘭縣,大同鄉松羅村鹿場路11號(往松羅山頂瞭望亭旁),1996/01/01,　,　,　,　
C0U680,冬山,22,121.7935,24.6324,宜蘭縣,冬山鄉南興村照安路26號(冬山國民中學內),2010/07/01,　,原(C1U680)站因擴充為氣象站，於2010/7/1升級為(C0U680)站。,C1U680,　
C0U710,太平山,1810,121.5257,24.5055,宜蘭縣,大同鄉太平山93林班地(林務局路標22.3k處),1996/01/01,　,　,　,　
C0U730,思源,1984,121.3567,24.3972,宜蘭縣,大同鄉(思源啞口旁，大甲溪事業區第40林班),1996/01/01,　,　,　,　
C0U750,龜山島,398,121.9531,24.8417,宜蘭縣,頭城鎮龜山島山頂401高地觀景台,2002/09/13,　,本站為觀光局所設，交由本局管理。,　,　
C0U760,東澳,32,121.8331,24.5219,宜蘭縣,南澳鄉東岳村蘇花路三段209號(東澳國小校園內),2004/06/01,　,　,　,　
C0U770,南澳,5,121.8102,24.4493,宜蘭縣,南澳鄉中央氣象局地震中心系統維護課之南澳地震站,2005/10/01,　,　,　,　
C0U780,五結,15,121.7979,24.6864,宜蘭縣,五結鄉五結中路二段88號(五結國小),2010/07/01,　,　,　,　
C0V150,表湖,1163,120.6647,23.2602,高雄市,那瑪夏區曾文水庫表湖雨量測報站旁,1988/12/01,　,本站於 2013/3/19 進行儀器汰換，並於2013/8/1完成驗收。,　,　
C0V210,復興,700,120.8061,23.2224,高雄市,桃源區復興里復興巷1鄰15號,2013/04/18,　,原(C1V210)站因擴充為氣象站，於2013/4/18升級為(C0V210)站。,C1V210,　
C0V250,甲仙,270,120.5918,23.0801,高雄市,甲仙區(甲仙國民中學操場後方小山丘上),1992/05/01,　,本站於2013/3/13進行儀器汰換，並於2013/4/18完成驗收。,　,　
C0V260,月眉,65,120.5399,22.971,高雄市,杉林區月眉里山仙路1號月眉農場,2013/08/01,　,原(C1V260)站因擴充為氣象站，於2013/8/1升級為(C0V260)站。,C1V260,　
C0V310,美濃,46,120.5192,22.8987,高雄市,美濃區福安里中山路二段204巷65號(美濃區福安國小後方),1992/05/01,　,本站於 2013/6/15 進行儀器汰換，並於2013/8/1完成驗收。,　,　
C0V350,溪埔,36,120.4468,22.7386,高雄市,大樹區溪埔里之台21線285k-286k間,2013/12/01,　,原(C1V350)站因擴充為氣象站，於2013/12/1升級為(C0V350)站。,C1V350,　
C0V360,內門,94,120.4668,22.9755,高雄市,內門區木柵里木柵3號（木柵國民小學）,2013/12/01,　,原(C1V360)站因擴充為氣象站，於2013/12/1升級為(C0V360)站。,C1V360,　
C0V370,古亭坑,30,120.4019,22.8932,高雄市,田寮區古亭里,1992/05/01,　,本站因儀器汰換，自2013/8/31起暫停資料提供，並於2013/12/1完成驗收。,　,　
C0V400,阿公店,56,120.3555,22.8042,高雄市,燕巢區西燕里工程路1號（阿公店水庫內）,2013/12/01,　,原(C1V400)站因擴充為氣象站，於2013/12/1升級為(C0V400)站。,C1V400,　
C0V440,鳳山,27,120.3561,22.6467,高雄市,鳳山區文山路園藝巷4號（鳳山熱帶園藝試驗分所）,2013/12/01,　,原(C1V440)站因移位及擴充為氣象，於2013/12/1升級為(C0V440)站。,C1V440,　
C0V450,鳳森,51,120.3926,22.5451,高雄市,小港區水庫段96-1地號（鳳山給水廠內）,2013/12/01,　,原(C1V451)站因擴充為氣象站，於2013/12/1升級為(C0V450)站。,C1V451,　
C0V490,新興,20,120.2988,22.6274,高雄市,新興區大同一路231號(大同國小內5樓頂),2009/12/01,　,本站於2013/9/12起進行儀器汰換，並於2013/12/1完成驗收。,　,　
C0V500,旗津,6,120.2859,22.5886,高雄市,旗津區中洲二路207號(旗津國中校園內),2009/12/01,　,本站因儀器汰換，自2013/8/12起暫停資料提供，並於2013/12/1完成驗收。,　,　
C0V530,阿蓮,34,120.3275,22.8832,高雄市,阿蓮區公所樓頂,2013/08/01,　,原(C1V530)站因擴充為氣象站，於2013/8/1升級為(C0V530)站。,C1V530,　
C0V610,梓官,22,120.2672,22.7606,高雄市,梓官區梓官路258號(梓官區公所),2013/12/01,　,　,　,　
C0V620,永安,18,120.2369,22.8232,高雄市,永安區永安路32號(永安消防分隊),2013/12/01,　,　,　,　
C0V630,茄萣,19,120.1826,22.9066,高雄市,茄萣區濱海路四段27號(茄萣區公所),2013/12/01,　,　,　,　
C0V640,湖內,35,120.2445,22.8871,高雄市,湖內區中山路一段290之1號(湖街派出所),2013/12/01,　,　,　,　
C0V650,彌陀,28,120.2464,22.7838,高雄市,彌陀區中正北路7號(彌陀消防分隊),2013/12/01,　,　,　,　
C0V660,岡山,25,120.295,22.7971,高雄市,岡山區岡山路341號(岡山地政事務所),2013/12/01,　,　,　,　
C0V670,楠梓,20,120.286,22.7198,高雄市,楠梓區德民路1010號(國昌國民中學),2013/12/01,　,　,　,　
C0V680,仁武,40,120.3477,22.7011,高雄市,仁武區中正路133號(仁武區公所),2013/12/01,　,　,　,　
C0V690,鼓山,30,120.2756,22.6233,高雄市,鼓山區臨海一路61-1號(鼓山消防分隊),2013/12/01,　,　,　,　
C0V700,三民,24,120.3112,22.645,高雄市,三民區十全一路88號(十全消防分隊),2013/12/01,　,　,　,　
C0V710,苓雅,34,120.3307,22.6227,高雄市,苓雅區三多一路162號(苓雅消防分隊),2013/12/01,　,　,　,　
C0V720,林園,15,120.3945,22.5077,高雄市,林園區林園北路179號(林園區公所),2013/08/01,　,　,　,　
C0V730,大寮,33,120.3957,22.6056,高雄市,大寮區鳳林三路492號(大寮區公所),2013/08/01,　,　,　,　
C0V740,旗山,60,120.4836,22.8886,高雄市,旗山區延平一路499號(旗山區公所),2013/08/01,　,　,　,　
C0V750,路竹,50,120.2594,22.855,高雄市,路竹區國昌路76號(路竹區公所),2013/12/01,　,　,　,　
C0V760,橋頭,30,120.3058,22.7578,高雄市,橋頭區隆豐路1號(橋頭區公所),2013/12/01,　,　,　,　
C0V770,大社,26,120.3466,22.7303,高雄市,大社區自強街1號(大社區公所),2013/12/01,　,　,　,　
C0V790,萬山,410,120.6881,22.9059,高雄市,茂林區萬山段710地號,2013/12/01,　,　,　,　
C0V800,六龜,256,120.6336,22.9979,高雄市,六龜區民治路9號(六龜消防隊),2013/12/01,　,　,　,　
C0V810,左營,32,120.2849,22.6749,高雄市,左營區左營大路1號(高雄市立海青高級工商職業學校資訊大樓樓頂),2015/09/21,　,　,　,　
C0W110,東莒,16,119.9807,25.9652,連江縣,莒光鄉福正村1號(福正抽水機房，莒光遊客中心後方),2016/07/01,　,　,　,　
C0W120,西嶼,58,119.4684,23.5626,澎湖縣,西嶼鄉195號(西嶼燈塔西方),2016/07/01,　,　,　,　
C0W130,花嶼,18,119.3228,23.4001,澎湖縣,望安鄉花嶼村2號(花嶼國民小學),2016/07/01,　,　,　,　
C0W140,金沙,21,118.4088,24.4883,金門縣,金沙鎮環島北路四段465號(金門縣自來水廠榮湖淨水場),2016/10/05,　,　,　,　
C0W150,金寧,42,118.329,24.4577,金門縣,金寧鄉頂林路315號(金門縣消防局),2016/10/05,　,　,　,　
C0W160,烏坵,49,119.4496,24.9944,金門縣,烏坵鄉,2016/10/05,　,　,　,　
C0W170,東引,42,120.4836,26.3588,連江縣,東引鄉（東引機場候機室旁）,2017/06/08,　,　,　,　
C0X050,東河,25,120.3856,23.2966,臺南市,東山區東河里54號(東河水利工作站),2015/07/03,　,原(C1X050)站因擴充為氣象站及移位，於2015/7/1升級為(C0X050)站。,C1X050,　
C0X060,下營,19,120.2563,23.227,臺南市,下營區仁里里下營國小附近,2015/07/03,　,原(C1X060)站因擴充為氣象站，於2015/7/1升級為(C0X060)站。,C1X060,　
C0X080,佳里,2,120.1451,23.173,臺南市,佳里區西方之埔尾，近七股區之篤加,1993/03/01,　,本站於2015/5/11起進行儀器汰換，並於2015/7/1完成驗收。,　,　
C0X100,臺南市北區,10,120.1942,23.0104,臺南市,北區文賢路678號(和緯消防分隊),2013/04/18,　,　,　,　
C0X110,臺南市南區,20,120.1884,22.9612,臺南市,南區明興路2號(南區區公所),2013/04/18,　,　,　,　
C0X120,麻豆,28,120.2486,23.1833,臺南市,麻豆區興國路9號(麻豆消防分隊5樓頂),2013/04/18,　,　,　,　
C0X130,官田,27,120.3154,23.1932,臺南市,官田區中山路一段132號(官田區公所),2013/04/18,　,　,　,　
C0X140,西港,17,120.2031,23.1256,臺南市,西港區中山路450號(西港消防分隊4樓頂),2013/04/18,　,　,　,　
C0X150,安定,18,120.2278,23.1026,臺南市,安定區南安村油車33之11號(安定消防分隊3樓頂),2013/04/18,　,　,　,　
C0X160,仁德,26,120.2577,22.9683,臺南市,仁德區仁義路432號(仁德消防分隊),2013/04/18,　,　,　,　
C0X170,關廟,50,120.3278,22.963,臺南市,關廟區中正路998號(關廟區公所3樓頂),2013/08/01,　,　,　,　
C0X180,山上,62,120.3633,23.0757,臺南市,山上區豐德里隙子口5之1號(中油豐德供油中心2樓頂),2013/04/18,　,　,　,　
C0X190,安平,10,120.1522,22.9932,臺南市,安平區城平路2號(台江國家公園管理處),2013/04/18,　,　,　,　
C0X200,左鎮,61,120.4085,23.0568,臺南市,左鎮區中正里171號之4(左鎮區公所),2013/04/18,　,2016/10/18因公所施工暫時無法提供資料，2017/1/24完工。,　,　
C0X210,白河,38,120.4144,23.3475,臺南市,白河區中山路6號(白河消防分隊),2015/07/03,　,　,　,　
C0X220,學甲,26,120.1822,23.2304,臺南市,學甲區華宗路313號(學甲區公所),2015/07/03,　,　,　,　
C0X230,鹽水,29,120.2476,23.2726,臺南市,鹽水區竹埔里1號(竹埔派出所),2015/07/03,　,　,　,　
C0X240,關子嶺,394,120.508,23.3312,臺南市,白河區關嶺里94-3號(仙草國小關嶺分校),2015/07/03,　,於2015/12/8短距離移位。本站於2015/11/23起進行儀器汰換，並於2015/12/8完成驗收。,　,　
C0X250,新營,33,120.3167,23.3107,臺南市,新營區中正路30號(新營市代會),2015/07/03,　,　,　,　
C0X260,後壁,39,120.3623,23.3664,臺南市,後壁區後壁里129號(後壁圖書館),2015/07/03,　,　,　,　
C0X270,柳營,33,120.3736,23.2572,臺南市,柳營區果毅里61號(果毅國小),2015/07/03,　,　,　,　
C0X280,將軍,22,120.1358,23.215,臺南市,將軍區將貴里58號(將軍國小),2015/07/03,　,　,　,　
C0X290,北門,10,120.1255,23.2678,臺南市,北門區北門里舊埕108號(北門區公所),2016/01/01,　,　,　,　
C0X300,鹿寮,70,120.4773,23.386,臺南市,白河區崎內里12號(鹿寮水庫),2016/01/01,　,　,　,　
C0X310,七股,9,120.0863,23.1473,臺南市,七股區鹽埕237-11號(氣象局七股雷達站區內),2016/02/01,　,　,　,　
C0Z020,明里,211,121.2623,23.2087,花蓮縣,富里鄉明里村明里社區後方山上,2010/07/01,　,原(C1Z020)站因擴充為氣象站，於2010/7/1升級為(C0Z020)站。,C1Z020,　
C0Z050,佳心,830,121.2132,23.3455,花蓮縣,卓溪鄉佳心(玉山國家公園內，距花蓮卓溪鄉南安遊客步行2.5時之日據時代派出所舊址),1997/07/01,　,　,　,　
C0Z061,玉里,174,121.3397,23.3215,花蓮縣,玉里鎮樂合里新民41號(樂合國小),2008/02/20,　,原(C0Z060)站因移位，於2008/2/20更變為(C0Z061)站。,C0Z060,　
C0Z070,舞鶴,272,121.3741,23.4681,花蓮縣,瑞穗鄉舞鶴村加納納山三角點旁,1997/07/01,　,　,　,　
C0Z080,富源,298,121.3782,23.5876,花蓮縣,光復鄉大豐村9鄰265號(富源國中對面之半山腰上),2012/01/01,　,　,　,　
C0Z100,東華,36,121.5498,23.8953,花蓮縣,壽豐鄉大學路二段1號（國立東華大學）,2014/01/01,　,本站於2017/3/29起進行儀器汰換，於2017/6/3完成驗收。,　,　
C0Z150,吉安光華,27,121.5952,23.9309,花蓮縣,吉安鄉南濱路一段531號(水資源回收中心),2017/06/03,　,　,　,　
C0Z160,鳳林,124,121.4534,23.7461,花蓮縣,鳳林鎮信義路200號(鳳林地政事務所),2017/06/03,　,原(C1T930)站因移位及升級，於2017/6/3升級為(C0Z120)站。,C1T930,　
C0Z200,萬榮,153,121.4201,23.7092,花蓮縣,鳳林鎮長橋里長橋路2號(長橋國小),2017/06/03,　,　,　,　
C0Z260,豐裡,64,121.5076,23.8421,花蓮縣,壽豐鄉豐裡村中山路299號(豐裡國小),2017/06/03,　,　,　,　
C0Z270,蕃薯寮,343,121.5401,23.7384,花蓮縣,壽豐鄉水璉村蕃薯寮附近山區道路旁(牛山段607地號內),2017/06/03,　,　,　,　
C1A630,下盆,527,121.5386,24.771,新北市,烏來區東勢溪中游(步行一小時),1987/06/01,　,　,　,　
C1A730,公館,22,121.5395,25.0144,臺北市,大安區羅斯福路四段1號(臺灣大學大氣科學系觀測坪內),1987/06/01,　,　,　,　
C1A9N0,四十份,435,121.5933,24.9342,新北市,新店區北宜路旁(文山事業區第四林班),2000/06/01,　,　,　,　
C1AC50,關渡,111,121.4693,25.1335,臺北市,北投區學園路2號(臺北城市科技大學校園內5樓頂),1992/05/20,　,原(C1A970)站因與三貂角氣象站(C0A970)重複編號，於2008/2/25起變更站碼為(C1AC50)。2009/2/18～2009/2/19原址儀器汰換，原站址位於校園內，汰換後移至樓頂。,C1A970,　
C1C510,水尾,106,121.0872,24.9401,桃園市,楊梅區豐野里1鄰151號(富崗水尾工作站內),1987/06/01,　,　,　,　
C1D380,新埔,65,121.0383,24.8475,新竹縣,新埔鎮下寮里43號義民廟右方路旁,1987/06/01,　,　,　,　
C1D400,鳥嘴山,839,121.2839,24.7191,新竹縣,尖石鄉新樂村復興礦場,1987/06/01,　,　,　,　
C1D410,白蘭,1290,121.0799,24.5794,新竹縣,五峰鄉桃山村,1987/06/01,　,　,　,　
C1D420,太閣南,1279,121.1606,24.6328,新竹縣,五峰鄉羅山工作站後方山頂羅山瞭望台旁,1987/06/01,　,　,　,　
C1D630,飛鳳山,462,121.1192,24.7665,新竹縣,芎林鄉王爺坑段83-7號地,2011/12/01,　,　,　,　
C1D640,外坪(五指山),718,121.091,24.6444,新竹縣,北埔鄉大坪段內大坪小段36-54號地,2011/12/01,　,原名為外坪，於2016/4/26更名為外坪(五指山)。,　,　
C1E451,象鼻,950,120.9402,24.3686,苗栗縣,泰安鄉象鼻村,2011/11/01,　,原(C1E450)站因儀器汰換，於2011/11/1更變為(C1E451)站。,C1E450,　
C1E461,松安,1325,120.986,24.398,苗栗縣,泰安鄉雪霸國家公園二本松解說站旁,2011/11/01,　,原(C1E460)站因儀器汰換，於2011/11/1更變為(C1E461)站。,C1E460,　
C1E480,鳳美,576,121.0347,24.5548,苗栗縣,南庄鄉東河村24鄰石門1號(南庄往鹿場途中),1990/07/21,　,　,　,　
C1E511,新開,326,120.827,24.3477,苗栗縣,大湖鄉新開村新開4鄰20號旁,2011/11/01,　,原(C1E510)站因儀器汰換，於2011/11/1更變為(C1E511)站。,C1E510,　
C1E601,南勢,125,120.7348,24.5725,苗栗縣,後龍鎮南港里南勢山,2011/11/01,　,原(C1E600)站因儀器汰換，於2011/11/1更變為(C1E601)站。,C1E600,　
C1E670,南礦,1209,121.0028,24.5383,苗栗縣,南庄鄉蓬萊林道末端(南庄事業區18林班地),2002/08/01,　,　,　,　
C1E681,南勢山,977,120.9238,24.4217,苗栗縣,泰安鄉大興村(從泰安國小進入站址車程約10分鐘),2011/11/01,　,原(C1E680)站因儀器汰換，於2011/11/1更變為(C1E681)站。,C1E680,　
C1E691,南湖,786,120.8375,24.4014,苗栗縣,大湖鄉(位於南湖台3線135k處之吊樑道山上),2011/11/01,　,原(C1E690)站因儀器汰換，於2011/11/1更變為(C1E691)站。,C1E690,　
C1E701,八卦,737,120.9276,24.4918,苗栗縣,泰安鄉(與八卦派出所相距約1.2k處),2011/11/01,　,原(C1E700)站因儀器汰換，於2011/11/1更變為(C1E701)站。,C1E700,　
C1E711,馬拉邦山,990,120.9017,24.3673,苗栗縣,大湖鄉東興村(馬拉邦山登山口),2011/11/01,　,原(C1E710)站因儀器汰換，於2011/11/1更變為(C1E711)站。,C1E710,　
C1E721,泰安,1409,120.968,24.489,苗栗縣,泰安鄉橫龍古道上(走路約5分鐘)之大湖事業區18林班地,2011/11/01,　,原(C1E720)站因儀器汰換，於2011/11/1更變為(C1E721)站。,C1E720,　
C1E770,公館,83,120.8308,24.5269,苗栗縣,公館鄉鶴岡村178號(鶴岡國中),2011/11/01,　,　,　,　
C1F871,上谷關,1000,121.0186,24.2035,臺中市,和平區(博愛國小谷關分校附近),2011/11/01,　,原(C1F870)站因儀器汰換，於2011/11/1更變為(C1F871)站。,C1F870,　
C1F891,稍來,2205,121.0056,24.2635,臺中市,和平區八仙山事業區49林班地船型山苗圃廢棄觀測坪附近,2011/11/01,　,原(C1F890)站因儀器汰換，於2011/11/1更變為(C1F891)站。,C1F890,　
C1F911,新伯公,417,120.8411,24.2214,臺中市,東勢區詒福段163地號(台電公司門前右前方),2011/11/01,　,原(C1F910)站因儀器汰換，於2011/11/1更變為(C1F911)站。,C1F910,　
C1F941,雪嶺,2620,121.0266,24.2806,臺中市,和平區雪嶺地區八仙山事業區60林班地小雪山莊後方水塔後山頂,2011/11/01,　,原(C1F940)站因儀器汰換，於2011/11/1更變為(C1F941)站。,C1F940,　
C1F9B1,桐林,130,120.7352,24.0662,臺中市,霧峰區桐林里民生路(桐林國小斜對面),2011/11/01,　,原(C1F9B0)站因儀器汰換，於2011/11/1更變為(C1F9B1)站。,C1F9B0,　
C1F9C1,白冷,610,120.9299,24.1828,臺中市,和平區天輪里天輪巷42號(臺中市和平區白冷國民小學校園內),2011/11/01,　,原(C1F9C0)站因儀器汰換，於2011/11/1更變為(C1F9C1)站。,C1F9C0,　
C1F9D1,白毛台,639,120.8869,24.1583,臺中市,新社區福興里福民路13號旁,2011/11/01,　,原(C1F9D0)站因儀器汰換，於2011/11/1更變為(C1F9D1)站。,C1F9D0,　
C1F9E1,龍安,563,120.832,24.1605,臺中市,新社區中和里內(距龍安橋約1.2k處),2011/11/01,　,原(C1F9E0)站因儀器汰換，於2011/11/1更變為(C1F9E1)站。,C1F9E0,　
C1F9F1,伯公龍,500,120.849,24.2724,臺中市,東勢區勢林街(宏覺寺旁),2011/11/01,　,原(C1F9F0)站因儀器汰換，於2011/11/1更變為(C1F9F1)站。,C1F9F0,　
C1F9G1,慶福山,810,120.8484,24.1809,臺中市,東勢區(台8線10.5k往馬鞍農場方向.車程約半小時),2011/11/01,　,原(C1F9G0)站因儀器汰換，於2011/11/1更變為(C1F9G1)站。,C1F9G0,　
C1F9H1,烏石坑,930,120.9458,24.2791,臺中市,和平區大安溪事業區第122林班之烏石坑苗圃內,2011/11/01,　,原(C1F9H0)站因儀器汰換，於2011/11/1更變為(C1F9H1)站。,C1F9H0,　
C1F9J1,清水林,723,120.8204,24.0712,臺中市,太平區136縣道9.5k處旁約500公尺,2011/11/01,　,原(C1F9J0)站因儀器汰換，於2011/11/1更變為(C1F9J1)站。,C1F9J0,　
C1F9W0,德基,1970,121.1903,24.2548,臺中市,和平區台8甲線69-70k處，彎入勝利路接翠巒產業道路約6.2km，路邊白色水塔旁,2011/11/01,　,　,　,　
C1G690,下水埔,110,120.5676,23.8161,彰化縣,溪州鄉榮光村國光路1號(退輔會工程事業材料處彰化工廠),1992/07/01,　,本站於2015/4/1起進行儀器汰換，並於2015/7/1完成驗收。,　,　
C1H000,翠峰,2454,121.2052,24.1094,南投縣,仁愛鄉大同村仁和路136號(臺14甲線19-19.5k處的長途通信機房旁),1992/07/01,　,本站於2015/7/27起進行儀器汰換，並於2015/12/31完成驗收。,　,　
C1H860,瑞岩,1840,121.1835,24.1238,南投縣,仁愛鄉,1992/05/01,　,本站於2015/7/29起進行儀器汰換，並於2015/12/31完成驗收。,　,　
C1H900,清流,934,120.963,24.0808,南投縣,仁愛鄉互助村,1992/05/01,　,本站於2015/7/24起進行儀器汰換，並於2015/12/31完成驗收。,　,　
C1H920,長豐,736,120.8799,24.102,南投縣,國姓鄉長豐村東二巷71號(仙徠山莊內),1992/05/01,　,原名為長福，於2015/9/1更名為長豐。本站於2015/9/1起進行儀器汰換，並於2015/12/31完成驗收。,　,　
C1H941,雙冬,630,120.8022,23.9674,南投縣,草屯鎮雙冬里,2011/11/01,　,原(C1H940)站因儀器汰換，於2011/11/1更變為(C1H941)站。,C1H940,　
C1H971,六分寮,428,120.6378,23.9251,南投縣,南投市鳳鳴里八卦路831號(南投縣政府消防局第一大隊鳳鳴分隊),2011/11/01,　,原(C1H970)站因儀器汰換，於2011/11/1更變為(C1H971)站。2017/3/1短距離移位施工。原址為鳳鳴里八卦路894號(西嶺國小校門口對面)，2017/4/1啟用,C1H970,　
C1H9B1,阿眉,1710,120.9947,24.1263,南投縣,仁愛鄉(水利局雨量站旁),2011/11/01,　,原(C1H9B0)站因儀器汰換，於2011/11/1更變為(C1H9B1)站。,C1H9B0,　
C1I020,萬大,1120,121.1323,23.9798,南投縣,仁愛鄉親愛村萬大水庫宿舍旁,1992/07/01,　,本站於2015/8/11起進行儀器汰換，並於2015/12/31完成驗收。,　,　
C1I030,武界,948,121.0525,23.9132,南投縣,仁愛鄉法治村,1992/07/01,　,本站於2015/8/14起進行儀器汰換，並於2015/12/31完成驗收。,　,　
C1I050,丹大,2568,121.1411,23.7537,南投縣,信義鄉丹大事業區第10林班地(瞭望臺旁),1992/07/01,　,自2006年起，設備不再維護，暫時停止觀測。本站於2015/3/28起進行儀器汰換，並於2015/7/1完成驗收。,　,　
C1I070,和社,825,120.8889,23.5911,南投縣,信義鄉中橫同富村同和巷47號和社分社觀測坪內,1992/07/01,　,本站於2015/9/14起進行儀器汰換，並於2015/12/31完成驗收。,　,　
C1I101,溪頭,1810,120.8076,23.6618,南投縣,鹿谷鄉內湖村森林巷溪頭林營區(鳳凰山瞭望台旁),2011/11/01,　,原(C1I100)站因儀器汰換，於2011/11/1更變為(C1I101)站。,C1I100,　
C1I121,大鞍,1515,120.76,23.6784,南投縣,竹山鎮樟空倫山之三角點附近,2011/11/01,　,原(C1I120)站因儀器汰換，於2011/11/1更變為(C1I121)站。,C1I120,　
C1I131,桶頭,311,120.6541,23.6419,南投縣,竹山鎮鯉南路338號旁,2011/11/01,　,原(C1I130)站因儀器汰換，於2011/11/1更變為(C1I131)站。,C1I130,　
C1I140,卡奈托灣,1700,121.0879,23.7544,南投縣,信義鄉丹大事業區第16林班地,1993/03/01,　,本站於2015/4/1起進行儀器汰換，並於2015/7/1完成驗收。,　,　
C1I150,青雲,393,120.9494,23.7934,南投縣,信義鄉地利村5鄰開信巷98-3號旁,1993/03/01,　,本站於2015/9/11起進行儀器汰換，並於2015/12/31完成驗收。,　,　
C1I201,中心崙,677,120.7121,23.7287,南投縣,竹山鎮之中心崙林道4.1km處,2011/11/01,　,原(C1I200)站因儀器汰換，於2011/11/1更變為(C1I201)站。,C1I200,　
C1I211,蘆竹湳,529,120.812,23.934,南投縣,中寮鄉清水村龍林巷4鄰58之6號旁,2011/11/01,　,原(C1I210)站因儀器汰換，於2011/11/1更變為(C1I211)站。,C1I210,　
C1I220,樟湖,1098,120.847,23.9053,南投縣,國姓鄉147縣道9km處與站址直線距離約1.6km,2002/08/01,　,本站於2015/9/8起進行儀器汰換，並於2015/12/31完成驗收。,　,　
C1I230,九份二山,837,120.845,23.9619,南投縣,國姓鄉南港村九份二山上(921地震紀念公園內),2002/08/01,　,更正座標。本站於2015/7/23起進行儀器汰換，並於2015/12/31完成驗收。,　,　
C1I240,外大坪,725,120.9179,23.9587,南投縣,埔里鎮種瓜路(投68)路口至站址車程約20分鐘,2002/08/01,　,本站於2015/7/20起進行儀器汰換，並於2015/12/31完成驗收。,　,　
C1I250,鯉潭,732,120.9911,23.9619,南投縣,埔里鎮埔里高工旁中心路2km處,2002/08/01,　,原名為埔里，於2015/8/17更名為鯉潭。本站於2015/8/17起進行儀器汰換，並於2015/12/31完成驗收。,　,　
C1I260,北坑,601,121.0069,23.9246,南投縣,埔里鎮麒麟里4鄰武界路31號旁,2002/08/01,　,本站於2015/8/7起進行儀器汰換，並於2015/12/31完成驗收。,　,　
C1I280,埔中,439,120.6426,23.8208,南投縣,名間鄉埔中村11之3號後面,2002/08/01,　,本站於2015/9/9起進行儀器汰換，並於2015/12/31完成驗收。,　,　
C1I290,豐丘,1151,120.8874,23.6682,南投縣,信義鄉豐丘村豐丘產業道路末端,2002/08/01,　,本站於2015/9/17起進行儀器汰換，並於2015/12/31完成驗收。,　,　
C1I310,西巒,1033,120.884,23.7545,南投縣,南投縣信義鄉台21線道之人倫林道9.5k處,2002/08/01,　,更正座標。本站於2015/8/21起進行儀器汰換，並於2015/12/31完成驗收。,　,　
C1I320,奧萬大,1275,121.1786,23.953,南投縣,仁愛鄉奧萬大森林遊樂區內(員工宿舍),2002/08/01,　,短距離移位。本站於2015/8/19起進行儀器汰換，並於2015/12/31完成驗收。,　,　
C1I330,楓樹林,1266,121.0761,23.9868,南投縣,仁愛鄉埔里事業區107林班地(臺14線近埔里市區),2002/08/01,　,本站於2015/8/3起進行儀器汰換，並於2015/12/31完成驗收。,　,　
C1I340,新興橋,897,120.8687,23.5633,南投縣,信義鄉臺21線新興橋附近,2002/08/01,　,本站於2015/9/15起進行儀器汰換，並於2015/12/31完成驗收。,　,　
C1I400,凌霄,1399,121.0045,24.0188,南投縣,仁愛鄉守城段4地號,2016/01/01,　,　,　,　
C1I430,翠華,2415,121.2243,24.192,南投縣,仁愛鄉翠華村華岡段70地號內,2016/01/01,　,　,　,　
C1I440,新高口,2540,120.8789,23.4787,南投縣,信義鄉新高口(臺18線約107.5k處路旁，對高岳營林區第31林班446號林地內),1992/05/01,　,原(C1M440)站因縣市代碼不符，於2015/4/13重新編碼為(C1I440)站。本站於2015/10/2起進行儀器汰換，並於2015/12/31完成驗收。,C1M440,　
C1I450,望鄉山,3025,120.9443,23.5942,南投縣,信義鄉巒大事業區第131林班內(郡大林道約32K附近，望鄉山三角點旁),2016/01/01,　,　,　,　
C1I470,杉林溪,1680,120.7864,23.6395,南投縣,竹山鎮大鞍里(杉林溪森林生態渡假園區收費亭附近，向欣谷碑旁),2016/01/01,　,　,　,　
C1I500,大尖山,2017,120.9949,23.8586,南投縣,仁愛鄉大尖山,2016/01/01,　,　,　,　
C1I510,線浸林道,1208,120.833,23.7615,南投縣,鹿谷鄉線浸林道11k附近,2016/01/01,　,　,　,　
C1K540,口湖,15,120.1805,23.5853,雲林縣,口湖鄉口湖村中正路一段280號(口湖消防分隊),2016/01/01,　,　,　,　
C1M390,龍美,1090,120.6544,23.4067,嘉義縣,番路鄉公興村隆美地區(舊地名為瀨頭)私人茶園內,1988/12/01,　,本站於 2013/4/27 進行儀器汰換，並於2013/8/1完成驗收。,　,　
C1M400,菜瓜坪,369,120.5761,23.2519,嘉義縣,大埔鄉西興村,1988/12/01,　,本站於 2013/4/18 進行儀器汰換，並於2013/8/1完成驗收。,　,　
C1M480,獨立山,798,120.6078,23.537,嘉義縣,竹崎鄉(阿里山鐵路獨立山站旁獨立山之三角點),1993/03/01,　,原名為樟腦寮，於2015/7/15更名為獨立山。本站於2015/7/13起進行儀器汰換，並於2015/12/31完成驗收。,　,　
C1M570,大湖,728,120.6202,23.475,嘉義縣,番路鄉大湖村五鄰下坪8號(嘉義縣番路鄉大湖國民小學內),1993/03/01,　,原大湖(C1M57)站因觀測位置不佳，故於2015/7/1遷移至原址鄰近旁建物樓頂並進行儀器汰換。,　,　
C1M600,頭凍,986,120.6033,23.4064,嘉義縣,番路鄉阿里山公路23k處轉入興社產業道路盡頭,2002/08/01,　,本站於2015/7/2起進行儀器汰換，並於2015/12/31完成驗收。,　,　
C1M610,石磐龍,1083,120.6635,23.4966,嘉義縣,竹崎鄉光華村,2002/08/01,　,本站於2015/6/11起進行儀器汰換，並於2015/12/31完成驗收。,　,　
C1M620,瑞里,1252,120.6752,23.5451,嘉義縣,梅山鄉瑞里派出所旁小路至站址(公墓旁)車程約10分鐘,2002/08/01,　,本站於2015/7/6起進行儀器汰換，並於2015/12/31完成驗收。,　,　
C1N001,沙崙,24,120.3094,22.9355,臺南市,歸仁區沙崙里184號北沙崙農場,2013/08/01,　,原(C1N000)站因儀器汰換，於2013/8/1更變為(C1N001)站。,C1N000,　
C1O850,環湖,44,120.4186,23.1486,臺南市,大內區頭社里10號(大內國小鳴頭分校內),1988/12/01,　,本站於 2013/4/26 進行儀器汰換，並於2013/8/1完成驗收。,　,　
C1O870,大棟山,1249,120.5223,23.3116,臺南市,白河區大棟山三角點,1988/12/01,　,　,　,　
C1O880,關山,223,120.5941,23.1734,臺南市,南化區關山里西阿里山關83號(瑞峰國小附近),1988/12/01,　,本站於 2013/4/16 進行儀器汰換，並於2013/8/1完成驗收。,　,　
C1O921,楠西,115,120.4841,23.1835,臺南市,楠西區中興路107號(楠西國民中學內),2013/04/18,　,原(C1O920)站因儀器汰換，於2013/4/18更變為(C1O921)站。,C1O920,　
C1R110,口社,110,120.6452,22.7701,屏東縣,三地門鄉口社村5鄰信義巷58-5號,1992/05/01,　,本站於2013/9/3進行儀器汰換，並於2013/12/1完成驗收。,　,　
C1R120,上德文,820,120.7044,22.7633,屏東縣,三地門鄉德文村口之公墓旁,1992/05/01,　,本站於 2013/6/5 進行儀器汰換，並於2013/8/1完成驗收。,　,　
C1R201,龍泉,63,120.602,22.6671,屏東縣,內埔鄉龍泉村原勝路6號(崇文國民小學內),2013/08/01,　,原(C1R200)站因儀器汰換，於2013/8/1更變為(C1R201)站。,C1R200,　
C1R250,力里,92,120.6292,22.4281,屏東縣,春日鄉七佳村自強一路92號(力里國民小學內),1997/07/01,　,本站因儀器汰換，自2013/8/27起暫停資料提供，並於2013/12/1完成驗收。,　,　
C1R290,石門山,260,120.7566,22.1126,屏東縣,牡丹鄉石門古戰場(恆春事業區29林班地),1997/12/20,　,　,　,　
C1R300,旭海,13,120.8877,22.1946,屏東縣,牡丹鄉旭海村6號(旭海分駐所對面平地上),1997/07/01,　,　,　,　
C1R320,車城,7,120.7162,22.0744,屏東縣,車城鄉福興村中山路66號(車城國民小學操場旁),1997/07/01,　,　,　,　
C1R330,枋山,9,120.6611,22.2469,屏東縣,枋山鄉中山路三段52號加祿國小成功分班內（廢校中）,1997/07/01,　,　,　,　
C1R340,牡丹,230,120.7926,22.13,屏東縣,牡丹鄉恆春事業區第二五林班(199縣道23k-23.5k間之側坡地上),1997/07/01,　,原(C0R340)站於1999/4/12變更為(C1R340)站。,C0R340,　
C1R440,大漢山,1654,120.7532,22.4053,屏東縣,春日鄉大漢山頂,2012/01/01,　,　,　,　
C1R610,西大武山,1828,120.7322,22.6177,屏東縣,泰武鄉北大武山步道2.6k,2013/12/01,　,　,　,　
C1S620,土阪,122,120.8876,22.4531,臺東縣,達仁鄉土阪村1鄰10號(土阪國民小學操場旁),1997/07/01,　,　,　,　
C1S630,都蘭,23,121.228,22.8784,臺東縣,東河鄉都蘭村431號(都蘭國民小學操場旁),1997/07/01,　,　,　,　
C1S660,下馬,794,121.07,23.1502,臺東縣,海端鄉廢棄下馬派出所旁,1997/07/01,　,　,　,　
C1S670,摩天,1580,121.027,23.1995,臺東縣,海端鄉(省道臺20線169K福德宮後方),1997/07/01,　,　,　,　
C1S800,華源,80,121.0233,22.6579,臺東縣,太麻里鄉華源村,2004/06/01,　,　,　,　
C1S820,金峰,177,120.9332,22.591,臺東縣,金峰鄉嘉蘭村嘉蘭國小旁,2004/06/01,　,　,　,　
C1S850,豐南,489,121.2624,23.1221,花蓮縣,富里鄉豐南村花82縣道盡頭叉路1k旁,2012/01/01,　,　,　,　
C1S860,利嘉,516,121.0505,22.8094,臺東縣,卑南鄉利嘉林道6k附近梅子園,2012/01/01,　,　,　,　
C1S870,南美山,222,121.3823,23.1503,臺東縣,成功鎮南美山產業道路盡頭柑橘園,2012/01/01,　,　,　,　
C1S880,壽卡,474,120.8589,22.2389,臺東縣,達仁鄉(大武事業區第48林班內)電信轉播站後方,1997/07/01,　,原(C1R310)站因縣市代碼不符，於2015/4/13重新編碼為(C1S880)站。,C1R310,　
C1T800,洛韶,1260,121.454,24.2046,花蓮縣,秀林鄉富世村中橫公路洛韶11號旁,1996/01/01,　,　,　,　
C1T810,慈恩,2049,121.3884,24.192,花蓮縣,秀林鄉富世村關原路3號(救國團慈恩山莊),1996/01/01,　,　,　,　
C1T830,布洛灣,675,121.5713,24.1718,花蓮縣,秀林鄉布洛灣地區(布洛灣遊客中心圓環之廣場旁邊),1996/01/01,　,　,　,　
C1T910,東壙,653,121.4047,23.8536,花蓮縣,萬榮鄉西林村1-1號(榮民工程處蔣公銅像旁),1996/01/01,　,因道路中斷久未修復，自2005年起暫時停止觀測。,　,　
C1T920,中興,68,121.4987,23.7695,花蓮縣,壽豐鄉中興大橋橋頭旁,1996/01/01,　,本站於2017/4/13起進行儀器汰換。,　,　
C1T940,大觀,539,121.3731,23.7142,花蓮縣,萬榮鄉(往臺16線過管制哨約12k處),1996/01/01,　,本站於2017/5/9起進行儀器汰換，於2017/6/3完成驗收。,　,　
C1T950,太安,1050,121.3701,23.6667,花蓮縣,萬榮鄉太田事業區128林班地(馬太鞍苗圃),1996/01/01,　,本站於2017/4/17起進行儀器汰換，於2017/6/3完成驗收。,　,　
C1T970,大農,183,121.4133,23.6152,花蓮縣,光復鄉花蓮糖廠之大農農場內(大農段691號),1996/01/01,　,本站於2017/4/29起進行儀器汰換，於2017/6/3完成驗收。,　,　
C1T980,龍澗,1306,121.4113,24.0233,花蓮縣,秀林鄉龍澗發電廠旁,1996/01/01,　,　,　,　
C1T990,高寮,128,121.3568,23.3942,花蓮縣,玉里鎮觀音里15鄰9號(觀音國民小學校園內),1997/07/01,　,　,　,　
C1U501,牛鬥,280,121.5737,24.6378,宜蘭縣,大同鄉牛鬥地區,1996/01/01,　,原(C1U500)站因儀器汰換，於1996/1/1更變為(C1U501)站。,C1U500,　
C1U511,古魯,492,121.6716,24.5716,宜蘭縣,大同鄉(羅東事業區第58林班內),1996/01/01,　,原(C1U510)站因儀器汰換，於1996/1/1更變為(C1U511)站。,C1U510,　
C1U580,北關,8,121.8734,24.9072,宜蘭縣,頭城鎮(北關海防班哨旁),1996/01/01,　,　,　,　
C1U610,大礁溪,268,121.6783,24.786,宜蘭縣,礁溪鄉二結村1鄰9-1號(國立宜蘭大學實驗林場),1996/01/01,　,　,　,　
C1U630,再連,140,121.6794,24.7151,宜蘭縣,員山鄉內城湖旁之山上果園,1996/01/01,　,　,　,　
C1U660,三星,103,121.6544,24.6706,宜蘭縣,三星鄉月眉街(三星鄉運動公園),1996/01/01,　,　,　,　
C1U670,寒溪,147,121.7167,24.6342,宜蘭縣,冬山鄉大進村大進七路51號(大進國民小學校園內),1996/01/01,　,　,　,　
C1U690,新寮,101,121.7513,24.6256,宜蘭縣,冬山鄉中山瀑布附近,1996/01/01,　,　,　,　
C1U720,南山,1260,121.3817,24.4374,宜蘭縣,大同鄉南山村4鄰埤南巷31-3號(南山國民小學內),1996/01/01,　,　,　,　
C1U830,烏石鼻,618,121.8394,24.4827,宜蘭縣,蘇澳鎮之烏石鼻(南澳事業區第10鄰班地上),2011/01/01,　,　,　,　
C1U840,東澳嶺,750,121.8485,24.5378,宜蘭縣,南澳鄉,2011/07/01,　,　,　,　
C1U850,觀音海岸,665,121.7786,24.3832,宜蘭縣,南澳鄉之林務局羅東林區管理處和平事業區91林班,2011/07/01,　,　,　,　
C1U860,頭城,5,121.8308,24.8532,宜蘭縣,頭城鎮協天路468號(中華電信頭城海纜站內),2015/06/01,　,　,　,　
C1V160,達卡努瓦,1040,120.7053,23.2798,高雄市,那瑪夏區達卡努瓦里,1992/05/01,　,原名為民生(達卡努瓦)，於2015/10/13更名為達卡努瓦。本站於2015/10/13起進行儀器汰換，並於2015/12/31完成驗收。,　,　
C1V170,排雲,3690,120.9541,23.4636,高雄市,桃源區排雲山莊往南峰方向步行約6小時(登山口-8.5k排雲山莊-1.5k測站),1992/05/01,　,本站於2015/11/3起進行儀器汰換，並於2015/12/31完成驗收。,　,　
C1V190,南天池,2700,120.9118,23.274,高雄市,桃源區長春祠旁之步道步行約50分鐘,1992/05/01,　,本站於2015/10/26起進行儀器汰換，並於2015/12/31完成驗收。,　,　
C1V200,梅山,870,120.8236,23.2684,高雄市,桃源區梅山里(梅山口遊客中心旁道路步行約10分鐘),1992/05/01,　,本站於2013/2/27進行儀器汰換，並於2013/4/18完成驗收。,　,　
C1V220,小關山,1781,120.8136,23.1542,高雄市,桃源區老濃溪事業區99林班地,1992/05/01,　,本站於2013/2/26進行儀器汰換，並於2013/4/18完成驗收。,　,　
C1V231,高中,731,120.7167,23.1349,高雄市,桃源區高中里,2013/04/18,　,原(C1V230)站因儀器汰換，於2013/4/18更變為(C1V231)站。,C1V230,　
C1V300,御油山,1637,120.7154,23.002,高雄市,桃源區農業委員會林業試驗所六龜分所鳳崗山苗圃觀測坪內,1992/05/01,　,本站於2013/10/2進行儀器汰換，並於2013/12/1完成驗收。,　,　
C1V340,大津,190,120.646,22.8883,高雄市,六龜區大津里34號(龍興國小大津分校),1992/05/01,　,本站於2013/8/10進行儀器汰換，並於2013/12/1完成驗收。,　,　
C1V390,尖山,60,120.3678,22.8132,高雄市,燕巢區尖山里尖山巷11之1號(燕巢國小尖山分校),1992/05/01,　,本站於2013/9/3進行儀器汰換，並於2013/12/1完成驗收。,　,　
C1V570,吉東,82,120.5454,22.8542,高雄市,美濃區吉東里吉頂路19號(吉東國小),2013/08/01,　,　,　,　
C1V580,溪南(特生中心),1656,120.7885,23.085,高雄市,桃源區石山林道7k(特有生物研究保育中心中海拔試驗站),2013/04/18,　,　,　,　
C1V590,新發,741,120.6461,23.057,高雄市,六龜區旗山事業區61林班地,2013/12/01,　,　,　,　
C1V600,藤枝,1561,120.757,23.072,高雄市,桃源區藤枝森林遊樂區遊客中心,2013/04/18,　,　,　,　
C1V780,多納林道,1050,120.7379,22.888,高雄市,茂林區多納林道9k(林試所六龜研究中心多納苗圃),2013/12/01,　,　,　,　
C1X040,東原,232,120.46382,23.291597,臺南市,東山區高原里4鄰31號後方果園,1993/03/01,　,本站於2015/6/30起進行儀器汰換，並於2015/12/31完成驗收。,　,　
C1Z010,卓樂,198,121.27164,23.297017,花蓮縣,卓溪鄉卓清村卓樂社區長老教會旁,1997/07/01,　,　,　,　
C1Z030,紅葉,218,121.33881,23.493119,花蓮縣,萬榮鄉紅葉村教堂附近,1997/07/01,　,　,　,　
C1Z040,立山,434,121.32738,23.443356,花蓮縣,卓溪鄉立山村後山上,1997/07/01,　,　,　,　
C1Z090,三棧,706,121.6051,24.117,花蓮縣,秀林鄉雙露山,2012/01/01,　,　,　,　
C1Z120,壽豐,62,121.50808,23.870853,花蓮縣,壽豐鄉壽豐村壽山路37號(壽豐鄉文康中心),2017/06/03,　,原(C1T890)站因移位，於2017/6/3變更為(C1Z120)站。,C1T860,　
C1Z130,銅門,187,121.49284,23.965694,花蓮縣,秀林鄉銅門村69號(銅門國小),2017/06/03,　,原(C1T860)站因移位，於2017/6/3變更為(C1Z130)站。,C1T860,　
,,,,,,,,,,,
,,,,,,,,,,,
二、已撤銷測站：,,,,,,,,,,,
站號,站名,海拔高度(m),經度,緯度,城市,地址,資料起始日期,撤站日期,備註,原站號,新站號
466921,臺北(師院),6.1,121.5132,25.0363,臺北市,中正區公園路,1992/02/01,1997/09/01,1997年9月遷回原址。,　,　
467411,臺南(永康),8.1,120.2367,23.0384,臺南市,永康區中正南路654巷40弄1號,1988/05/01,2002/01/01,2002/01/01遷回臺南市。,　,　
467570,新竹,32.8,120.9776,24.8004,新竹市,公園路,1938/01/01,1991/07/01,1991/07站址遷往竹北。,　,　
467780,七股,2.9,120.0862,23.147,臺南市,七股區鹽埕237-11號,2001/11/01,2016/06/01,　,　,　
C0A510,大豹,590,121.4215,24.8871,新北市,三峽區(三峽李山神宮附近),1987/06/01,2009/05/16,　,　,　
C0A590,大尖山,326,121.666,25.0515,新北市,汐止區勤進路,1987/06/01,2011/08/12,　,　,　
C0A680,五股,95,121.435,25.0834,新北市,五股區248成泰路二段49巷15號(五股國中校園內),2009/12/01,2016/07/02,原(C1A680)站因擴充為氣象站，於2009/12/1升級為(C0A680)站。,C1A680,　
C0A710,林口,238,121.3782,25.0764,新北市,林口區民治路25號(林口國中校園內),2009/12/01,2017/01/03,原(C1A710)站因擴充為氣象站，於2009/12/1升級為(C0A710)站。,C1A710,　
C0A930,三和,200,121.5941,25.2349,新北市,金山區兩湖里(距兩湖分校約300公尺),1995/01/01,2014/03/20,因移位，於2014/4/1更變為(C0A931)站。,　,C0A931
C0A990,大崙尾山,463,121.5736,25.1063,臺北市,內湖區大崙尾山(內雙溪森林公園),1997/12/01,2016/06/17,　,　,　
C0A9D0,永和,13,121.5048,25.0089,新北市,永和區保生路25號(永平國民小學校園內),1997/12/01,2013/12/03,　,　,　
C0A9H0,信義,51,121.5646,25.0381,臺北市,信義區莊敬路423巷8弄1號(信義國中內),1997/12/01,2009/03/31,　,　,　
C0A9I0,三重,18,121.4885,25.064,新北市,三重區中正北路107號(明志國中校園內),1997/12/01,2010/09/29,因移位，於2010/10/11更變為(C0A9I1)站。,　,C0A9I1
C0AC90,中和,32,121.516,24.9902,新北市,中和區景新街467巷37號(景新國小校園內),2009/12/01,2011/07/22,原(C1AC90)站因擴充為氣象站，於2009/12/1升級為(C0AC90)站。,C1AC90,　
C0C450,新屋,92,121.1068,24.9713,桃園市,新屋區新屋里(衛生署桃園醫院新屋分院北面停車場邊),1987/06/01,2011/09/21,　,　,　
C0C500,楊梅,181,121.1483,24.9209,桃園市,楊梅區高山里11鄰梅高路838號(楊梅高中校門口對面空地),2011/12/01,2013/06/29,原(C1C500)站因擴充為氣象站，於2011/12/1升級為(C0C500)站。,C1C500,　
C0C570,新屋,5,121.0476,25.0076,桃園市,新屋區東興路二段946號,2008/01/01,2014/09/27,原(C1C570)站因擴充為氣象站，於2008/1/1升級為(C0C570)站。,C1C570,　
C0C580,新豐,143,120.9854,24.8688,新竹縣,新豐鄉,2007/10/01,2008/02/24,原(C0C580)站因縣市代碼不符，於2008/2/25重新編碼為(C0D590)站。,　,C0D590
C0C610,龍潭,234,121.2165,24.8568,桃園市,龍潭區神龍路346號(雙龍國民小學校園內),2007/10/01,2014/03/16,　,　,　
C0C640,龜山,177,121.3757,25.0303,桃園市,龜山區舊路里振興路1169號(大埔國小校園內),2007/12/01,2017/3/22,　,　,　
C0D370,湖口,79,121.044,24.9091,新竹縣,湖口鄉德盛村98-8號(湖口農田水利會內),2011/12/01,2013/09/09,原(C1D370)站因擴充為氣象站，於2011/12/1升級為(C0D370)站。,C1D370,　
C0D470,竹東,229,121.0579,24.7671,新竹縣,橫山鄉新庄子3號(華山國民中學內),1990/07/21,2007/05/01,　,　,　
C0E410,觀霧,2087,121.1132,24.506,新竹縣,五峰鄉及苗栗縣泰安鄉交界(林務局觀霧國家森林遊樂區遊客中心左前方往樂山基地之路旁),1987/06/01,2007/06/22,　,　,　
C0E440,大河,122,120.9469,24.6173,苗栗縣,三灣鄉大河村64號(大河國小校園內),2008/01/01,2015/07/23,原(C1E440)站因擴充為氣象站，於2008/1/1升級為(C0E440)站。,C1E440,　
C0E580,苑里,60,120.6801,24.4335,苗栗縣,苑裡鎮,1990/07/21,2011/06/13,　,　,　
C0E760,苑裡,19,120.6582,24.4485,苗栗縣,苑裡鎮育才街100號(國立苑裡高中),2011/11/01,2013/07/13,　,　,　
C0F860,梨山,1980,121.2593,24.2552,臺中市,和平區梨山里福壽路10號（梨山國小）,1990/07/21,2004/06/01,　,　,　
C0F900,雙崎,535,120.9043,24.2886,臺中市,和平區自由里東崎路2段116號內,1990/07/21,2017/05/26,　,　,　
C0F920,石岡,290,120.7703,24.2801,臺中市,石岡區石岡里豐勢路1238號(石岡壩管理中心內),2011/11/01,2016/09/12,原(C1F920)站因擴充為氣象站，於2011/11/1升級為(C0F920)站。,C1F920,　
C0F950,合歡山,3430,121.2726,24.1435,南投縣,仁愛鄉(近合歡山三角點，由松雪樓開車約15分鐘，大甲溪事業區第81林班),1990/07/01,2008/02/24,原(C0F950)站因縣市代碼不符，於2008/2/25重新編碼為(C0H9C0)站。,　,C0H9C0
C0F990,橫山,253,120.6073,24.2191,臺中市,大雅區橫山通山路46號(台中高爾球場辦公室後面),2008/04/01,2015/07/30,原(C1F990)站因擴充為氣象站，於2008/4/1升級為(C0F990)站。,C1F990,　
C0G710,台西,64,120.2798,23.8485,彰化縣,大城鄉臺西村許厝巷2之10號旁,1992/07/01,2015/05/25,　,　,　
C0H980,中興新村,83,120.9951,23.9363,南投縣,南投市中興新村,1992/05/01,1996/01/10,　,　,　
C0K290,宜梧,3,120.1726,23.5422,雲林縣,口湖鄉口湖村191號木宜梧農場(口湖段下湖口425號),1993/03/01,2010/09/15,因觀測位置不佳，於2010/9/27更變為(C0K291)站。,　,C0K291
C0K300,大埔,369,120.6053,23.6413,雲林縣,古坑鄉朝陽村北極殿旁,1993/03/01,2015/06/05,　,　,　
C0O890,南化,167,120.4886,23.0427,臺南市,南化區,1992/05/01,1996/01/01,　,　,　
C0O910,新營,16,120.3215,23.2923,臺南市,柳營區73603太康里一號(太康段523-12號),1993/03/01,2015/06/04,　,　,　
C0R340,牡丹,285,120.8378,22.1924,屏東縣,牡丹鄉牡丹國民小學,1997/07/01,1999/04/12,原(C0R340)站於1999/4/12變更為(C1R340)站。,　,C1R340
C0S720,靜浦,92,121.4948,23.4551,花蓮縣,豐濱鄉靜浦村活動中心後山上,1997/07/01,2008/02/24,原(C0S720)站因縣市代碼不符，於2008/2/25重新編碼為(C0T9M0)站。,　,C0T9M0
C0T840,新城,32,121.6056,23.9988,花蓮縣,新城鄉北埔村北埔路170號(北埔國民小學內),1996/01/01,2009/09/24,因移位，於2009/10/15更變為(C0T841)站。,　,C0T841
C0U640,羅東,24,121.7478,24.6838,宜蘭縣,羅東鎮羅東公園,1996/01/01,2015/12/03,　,　,　
C0V430,左營,26,120.2937,22.6779,高雄市,左營區曾子路281號（左營國中舊校區內）,2013/12/01,2015/09/08,原(C1V430)站因移位及擴充為氣象站，於2013/12/1升級為(C0V430)站。,C1V430,　
C0X020,關子嶺,403,120.5116,23.327,臺南市,白河區關嶺里,1993/05/01,2015/04/16,　,　,　
C0Z060,玉里,130,121.3178,23.3446,花蓮縣,玉里鎮中華路414號內(林務局花蓮林管處玉里工作站宿舍旁),1997/07/01,2008/02/19,因移位，於2008/2/20更變為(C0Z061)站。,　,C0Z061
C1A640,石碇,140,121.6629,24.9937,新北市,石碇區湳窟34號附近,1987/06/01,2009/11/30,因擴充為氣象站，於2009/12/1升級為(C0A640)站。,　,C0A640
C1A650,火燒寮,380,121.7426,25.0024,新北市,平溪區東勢村,1987/06/01,2009/11/30,因擴充為氣象站，於2009/12/1升級為(C0A650)站。,　,C0A650
C1A660,瑞芳,101,121.8013,25.1132,新北市,瑞芳區龍山里逢甲路360號(義方國民小學校園內),1987/06/01,2009/11/30,因擴充為氣象站，於2009/12/1升級為(C0A660)站。,　,C0A660
C1A670,新莊,9,121.4468,25.0515,新北市,新莊區立言里新泰路359號(新泰國民中學旁),1987/06/01,2009/03/19,　,　,　
C1A680,五股,95,121.4354,25.0835,新北市,五股區成泰路二段49巷15號(五股國中校園內),1987/06/01,2009/11/30,因擴充為氣象站，於2009/12/1升級為(C0A680)站。,　,C0A680
C1A690,木柵,260,121.5863,24.981,臺北市,文山區萬壽路115號(木柵指南宮前左側步道上),1987/06/01,2009/07/14,　,　,　
C1A700,南勢角,197,121.4899,24.9813,新北市,中和區圓通路367巷64號(慈雲寺右旁步行2分鐘),1987/06/01,2009/07/13,　,　,　
C1A710,林口,238,121.3782,25.0763,新北市,林口區湖南里頭湖150號(林口國中校園內),1987/06/01,2009/11/30,因擴充為氣象站，於2009/12/1升級為(C0A710)站。,　,C0A710
C1A720,松山,10,121.5654,25.0749,臺北市,松山區,1987/06/01,1992/02/26,　,　,　
C1A740,淡水,40,121.4568,25.1626,新北市,淡水區,1987/06/01,1997/06/01,　,　,　
C1A970,關渡,45,121.4674,25.1329,臺北市,北投區大成崗112號(北台灣科學技術學院校園內),1992/05/20,2008/02/24,因與三貂角氣象站(C0A970)重複編號，於2008/2/25起變更站碼為(C1AC50)。2009/2/18～2009/2/19原址儀器汰換，原站址位於校園內，汰換後移至樓頂。,　,C1AC50
C1AC80,文山,45,121.5757,25.0021,臺北市,文山區木柵路4段159巷14-1號(博嘉國小校園內),2009/10/01,2009/11/30,因擴充為氣象站，於2009/12/1升級為(C0AC80)站。,　,C0AC80
C1AC90,中和,49,121.5163,24.9896,新北市,中和區景新街467巷37號(景新國小校園內),2009/10/01,2009/11/30,因擴充為氣象站，於2009/12/1升級為(C0AC90)站。,　,C0AC90
C1ACA0,新莊,25,121.4476,25.0518,新北市,新莊區中和街193號(榮富國小校園內),2009/10/01,2009/11/30,因擴充為氣象站，於2009/12/1升級為(C0ACA0)站。,　,C0ACA0
C1C460,大溪,350,121.3513,24.8196,桃園市,復興區澤仁里中正路248號(介壽國民中學校園內),1987/06/01,2007/09/30,因擴充為氣象站，於2007/10/1升級為(C0C460)站，站名變更為復興。,　,C0C460
C1C470,五權,94,121.0724,25.0177,桃園市,中壢區,1987/06/01,1995/06/23,　,　,　
C1C480,桃園,105,121.3232,24.9924,桃園市,桃園區成功路二段144號(桃園高級農工職業學校校園內),1987/06/01,2007/12/31,因擴充為氣象站，於2008/1/1升級為(C0C480)站。,　,C0C480
C1C490,八德,180,121.2915,24.9271,桃園市,八德區興仁里中山路94號(八德國民小學校園內),1987/06/01,2011/11/30,因擴充為氣象站，於2011/12/1升級為(C0C490)站。,　,C0C490
C1C500,楊梅,187,121.1482,24.921,桃園市,楊梅區高山里11鄰梅高路838號(楊梅高中旁),1987/06/01,2011/11/30,因擴充為氣象站，於2011/12/1升級為(C0C500)站。,　,C0C500
C1C520,中壢,151,121.1853,24.9677,桃園市,中壢區五權里(中央大學校園內),1987/06/01,2007/09/30,因擴充為氣象站，於2007/10/1升級為(C0C520)站。,　,C0C520
C1C540,埔心,70,121.226,25.0477,桃園市,大園區埔心里25鄰埔心50號(埔心國民小學校園內),1995/07/15,2007/12/31,因擴充為氣象站，於2008/1/1升級為(C0C540)站。,　,C0C540
C1C570,新屋-衛星中心,5,121.0515,25.0141,桃園市,新屋區,2007/10/01,2007/12/31,因擴充為氣象站，於2008/1/1升級為(C0C570)站。,　,C0C570
C1C620,蘆竹,24,121.2707,25.086,桃園市,蘆竹區,2007/10/01,2011/11/30,因擴充為氣象站，於2011/12/1升級為(C0C620)站。,　,C0C620
C1D370,湖口,104,121.044,24.9093,新竹縣,湖口鄉德盛村98-8號(湖口農田水利會內),1987/06/01,2011/11/30,因擴充為氣象站，於2011/12/1升級為(C0D370)站。,　,C0D370
C1D390,關西,146,121.1739,24.7983,新竹縣,關西鎮北斗里北門口41號(關西國中校園內),1987/05/01,2007/12/31,因擴充為氣象站，於2008/1/1升級為(C0D390)站。,　,C0D390
C1D430,峨眉,100,121.0171,24.6904,新竹縣,峨眉鄉峨眉村峨眉街54號(峨眉國中校園內),1987/06/01,2011/11/30,因擴充為氣象站，於2011/12/1升級為(C0D430)站。,　,C0D430
C1D440,新竹,36,121.0141,24.8283,新竹市,公園路(新竹氣象站舊址),1987/06/01,2007/05/01,　,　,　
C1D480,打鐵坑,223,121.151,24.8332,新竹縣,新埔鎮新北里8鄰大北坑28號旁,1990/07/20,2007/12/31,因擴充為氣象站，於2008/1/1升級為(C0D480)站。,　,C0D480
C1D560,竹東,147,121.0581,24.7675,新竹縣,竹東鎮二重國民小學校園內,2007/10/01,2007/12/31,因擴充為氣象站，於2008/1/1升級為(C0D560)站。,　,C0D560
C1E440,大河,122,120.9551,24.6154,苗栗縣,三灣鄉大河村64號(大河國小校園內),1987/06/01,2007/12/31,因擴充為氣象站，於2008/1/1升級為(C0E440)站。,　,C0E440
C1E450,象鼻,968,120.9404,24.3685,苗栗縣,泰安鄉象鼻村,1990/07/21,2011/10/31,因儀器汰換，於2011/11/1更變為(C1E451)站。,　,C1E451
C1E460,松安,1400,120.986,24.3977,苗栗縣,泰安鄉梅園村二本松梅園派出所,1990/07/21,2011/10/31,因儀器汰換，於2011/11/1更變為(C1E461)站。,　,C1E461
C1E470,馬達拉,1800,121.1904,24.4924,苗栗縣,泰安鄉梅園村(由觀霧派出所開車經大霸尖山路口直走約50分),1990/07/21,2007/06/25,2005年以後未進行維護。,　,　
C1E490,合流山,2533,121.0596,24.3527,苗栗縣,泰安鄉合流山山區大安溪事業區93林班地(小雪山右轉，230林道22K處附近),1990/08/01,2007/04/11,2005年以後未進行維護。,　,　
C1E500,卓蘭,345,120.8112,24.3071,苗栗縣,卓蘭鎮蘭勢大橋下方堤防旁,1990/07/21,2011/06/13,　,　,　
C1E510,新開,350,120.8271,24.3477,苗栗縣,大湖鄉新開村新開4鄰20號旁,1990/07/21,2011/10/31,因儀器汰換，於2011/11/1更變為(C1E511)站。,　,C1E511
C1E520,大湖,350,120.8746,24.4171,苗栗縣,大湖鄉大寮村5鄰竹高屋34-1號附近,1990/07/21,2011/10/31,因擴充為氣象站，於2011/11/1升級為(C0E520)站。,　,C0E520
C1E540,後龍,41,120.7837,24.6063,苗栗縣,後龍鎮後龍溪橋旁,1990/07/23,2011/10/31,因擴充為氣象站，於2011/11/1升級為(C0E540)站。,　,C0E540
C1E550,明德,109,120.8868,24.5846,苗栗縣,頭屋鄉明德水庫水利工作站屋頂上,1990/07/21,2011/10/31,因擴充為氣象站，於2011/11/1升級為(C0E550)站。,　,C0E550
C1E560,和興,392,120.9151,24.5141,苗栗縣,獅潭鄉和興村,1990/07/21,2011/06/13,　,　,　
C1E570,公館,146,120.829,24.4957,苗栗縣,公館鄉館南村261號(苗栗農改場),1990/07/21,2011/06/13,本站(C1E570)與苗栗農改場(K2E360)設置地點均位於苗栗農改場，設置地點相近。,　,　
C1E590,土城,70,120.7043,24.4716,苗栗縣,通霄鎮城北里1鄰13號(通霄鎮城中國民小學內),1990/07/21,2011/10/31,於2011/11/1變更為(C0E590)站，站名變更為通霄。,　,C0E590
C1E600,南勢,150,120.7346,24.5727,苗栗縣,後龍鎮南港里南勢山,1990/07/21,2011/10/31,因儀器汰換，於2011/11/1更變為(C1E601)站。,　,C1E601
C1E680,南勢山,949,120.9237,24.4218,苗栗縣,泰安鄉大興村(從泰安國小進入站址車程約10分鐘),2002/08/01,2011/10/31,因儀器汰換，於2011/11/1更變為(C1E681)站。,　,C1E681
C1E690,南湖,770,120.8376,24.401,苗栗縣,大湖鄉(位於南湖台3線135k處之吊樑道山上),2002/08/01,2011/10/31,因儀器汰換，於2011/11/1更變為(C1E691)站。,　,C1E691
C1E700,八卦,749,120.9276,24.4918,苗栗縣,泰安鄉(與八卦派出所相距約1.2k處),2002/08/01,2011/10/31,因儀器汰換，於2011/11/1更變為(C1E701)站。,　,C1E701
C1E710,馬拉邦山,959,120.9015,24.3674,苗栗縣,大湖鄉東興村(馬拉邦山登山口),2002/08/01,2011/10/31,因儀器汰換，於2011/11/1更變為(C1E711)站。,　,C1E711
C1E720,泰安,1333,120.9676,24.4888,苗栗縣,泰安鄉騰龍古道上(走路約5分鐘)之大湖事業區18林班地,2002/08/01,2011/10/31,因儀器汰換，於2011/11/1更變為(C1E721)站。,　,C1E721
C1F000,大肚,348,120.5726,24.153,臺中市,大肚區瑞井里遊園路一段二號(台中區監理所內),1992/07/01,2011/10/31,因擴充為氣象站，於2011/11/1升級為(C0F000)站。,　,C0F000
C1F850,東勢,320,120.8334,24.2463,臺中市,東勢區東關路647號(東勢林區管理處雙崎工作站內),1990/07/21,2011/10/31,因擴充為氣象站，於2011/11/1升級為(C0F850)站。,　,C0F850
C1F870,上谷關,1045,121.019,24.2032,臺中市,和平區(博愛國小谷關分校附近),1990/07/21,2011/10/31,因儀器汰換，於2011/11/1更變為(C1F871)站。,　,C1F871
C1F880,阿眉,1677,120.9943,24.126,臺中市,仁愛區(水利局雨量站旁),1990/07/21,2008/02/24,原(C1F880)站因縣市代碼不符，於2008/2/25重新編碼為(C1H9B0)站。,　,C1H9B0
C1F890,稍來,2010,121.0012,24.2657,臺中市,和平區八仙山事業區49林班地船型山苗圃廢棄觀測坪附近,1990/07/21,2011/10/31,因儀器汰換，於2011/11/1更變為(C1F891)站。,　,C1F891
C1F910,新伯公,440,120.8409,24.2216,臺中市,東勢區詒福段163地號(台電公司門前右前方),1990/07/21,2011/10/31,因儀器汰換，於2011/11/1更變為(C1F911)站。,　,C1F911
C1F920,石岡,280,120.7704,24.2796,臺中市,石岡區石岡里豐勢路1238號(石岡壩管理中心內),1990/07/21,2011/10/31,因擴充為氣象站，於2011/11/1升級為(C0F920)站。,　,C0F920
C1F930,大甲,90,120.6421,24.351,臺中市,大甲區開元路71號(大甲高級工業職業學校內),1990/07/21,2011/10/31,因擴充為氣象站，於2011/11/1升級為(C0F930)站。,　,C0F930
C1F940,雪嶺,2605,121.0268,24.2807,臺中市,和平區雪嶺地區八仙山事業區60林班地小雪山莊後方水塔後山頂,1990/07/21,2011/10/31,因儀器汰換，於2011/11/1更變為(C1F941)站。,　,C1F941
C1F960,水湳,125,120.6523,24.2213,臺中市,大雅區二和里學府路230號(大雅國民小學校園內),1992/05/01,2005/11/21,　,　,　
C1F970,大坑,170,120.7362,24.1716,臺中市,北屯區40605廓子里廓子巷11號(中台科技大學校園內),1992/05/01,2011/10/31,因擴充為氣象站，於2011/11/1升級為(C0F970)站。,　,C0F970
C1F980,炮子林,600,120.8095,24.0885,臺中市,太平區,1992/05/01,1996/01/01,　,　,　
C1F990,橫山,253,120.6073,24.2191,臺中市,大雅區橫山里通山路46號(臺中高爾夫球場辦公室後面),1992/07/01,2008/03/31,因擴充為氣象站，於2008/4/1升級為(C0F990)站。,　,C0F990
C1F9A0,中竹林,425,120.7515,24.1038,臺中市,太平區長龍路中埔二號橋至站址直線距離約1.7km,2002/08/01,2011/10/31,因擴充為氣象站，於2011/11/1升級為(C0F9A0)站。,　,C0F9A0
C1F9B0,桐林,124,120.7354,24.0663,臺中市,霧峰區桐林里民生路(桐林國小斜對面),2002/08/01,2011/10/31,因儀器汰換，於2011/11/1更變為(C1F9B1)站。,　,C1F9B1
C1F9C0,白冷,619,120.9298,24.1827,臺中市,和平區天輪里天輪巷42號(臺中市和平區白冷國民小學校園內),2002/08/01,2011/10/31,因儀器汰換，於2011/11/1更變為(C1F9C1)站。,　,C1F9C1
C1F9D0,白毛台,613,120.887,24.1582,臺中市,新社區福興里福民路13號旁,2002/08/01,2011/10/31,因儀器汰換，於2011/11/1更變為(C1F9D1)站。,　,C1F9D1
C1F9E0,龍安,537,120.8321,24.1602,臺中市,新社區中和里內(距龍安橋約1.2k處),2002/08/01,2011/10/31,因儀器汰換，於2011/11/1更變為(C1F9E1)站。,　,C1F9E1
C1F9F0,伯公龍,504,120.8493,24.2724,臺中市,東勢區勢林街(宏覺寺旁),2002/08/01,2011/10/31,因儀器汰換，於2011/11/1更變為(C1F9F1)站。,　,C1F9F1
C1F9G0,慶福山,782,120.8479,24.181,臺中市,東勢區(台8線10.5k往馬鞍農場方向車程約半小時),2002/08/01,2011/10/31,因儀器汰換，於2011/11/1更變為(C1F9G1)站。,　,C1F9G1
C1F9H0,烏石坑,886,120.9457,24.2791,臺中市,和平區大安溪事業區第122林班之烏石坑苗圃內,2002/08/01,2011/10/31,因儀器汰換，於2011/11/1更變為(C1F9H1)站。,　,C1F9H1
C1F9I0,神岡,189,120.6587,24.2727,臺中市,神岡區三民路639號(圳堵國小校園南側大樓屋頂平台),2006/01/01,2011/10/31,因擴充為氣象站，於2011/11/1升級為(C0F9I0)站。,　,C0F9I0
C1F9J0,清水林,723,120.8204,24.0716,臺中市,太平區136縣道9.5k處旁約500公尺,2002/08/01,2011/10/31,原(C1I180)站因縣市代碼不符，於2008/2/25重新編碼為(C1F9J0)站。因儀器汰換，於2011/11/1更變為(C1F9J1)站。,C1I180,C1F9J1
C1G620,芬園,133,120.6212,24.0155,彰化縣,芬園鄉楓坑村大埔崙產業道路上(芬園往臺灣民俗村路上),1992/05/01,2011/10/31,因擴充為氣象站，於2011/11/1升級為(C0G620)站。,　,C0G620
C1G630,彰化,15,120.5551,24.0788,彰化縣,彰化市卦山里卦山路13號(彰化國民中學內),1992/07/01,2011/10/31,因儀器汰換，於2011/11/1更變為(C1G631)站。,　,C1G631
C1G631,彰化,98,120.5547,24.0791,彰化縣,彰化市卦山里卦山路13號(彰化藝術高級中學內),2011/11/01,2015/09/02,原(C1G630)因儀器汰換，於2011/11/1更變為(C1G631)站。,C1G630,　
C1G660,溪湖,121,120.479,23.9483,彰化縣,溪湖鎮大竹里彰水路二段725號(湖南國民小學內),1992/07/01,2011/10/31,因擴充為氣象站，於2011/11/1升級為(C0G660)站。,　,C0G660
C1G670,溪州,14,120.4959,23.8482,彰化縣,溪洲鄉溪州村中央路250號(溪州農場),1992/07/01,2015/05/27,　,　,　
C1G680,草湖,10,120.3784,23.9596,彰化縣,芳苑鄉草湖村功湖路草湖段140號(草湖國民中學內),1992/07/01,2011/08/14,　,　,　
C1G700,中西,15,120.3522,23.882,彰化縣,二林鎮中西里工城路5號二林農場中西耕區(二林鎮中西段333號),1992/07/01,2015/06/05,因移位及擴充為氣象站，於2015/7/1升級為(C0G730)站，站名更變為二林。,　,C0G730
C1H850,翠巒,2297,121.2266,24.1929,南投縣,仁愛鄉力行產業道路之華崗派出所斜對面,1992/05/01,2015/08/05,　,　,　
C1H870,仁愛,1113,121.1307,24.0186,南投縣,仁愛鄉(臺電公司電源保護中心內),1992/05/01,2015/08/10,　,　,　
C1H880,凌霄,1318,121.0149,24.0168,南投縣,埔里鎮中山路三段582號(凌霄殿內),1992/05/01,2015/08/28,　,　,　
C1H890,大肚城,429,120.9523,23.9709,南投縣,埔里鎮大城里大城路169號(南投縣立大成國民中學內),1992/05/01,2015/09/04,因擴充為氣象站，於2015/9/4升級為(C0H890)站，站名更變為埔里。,　,C0H890
C1H910,魚池,724,120.9291,23.9009,南投縣,魚池鄉興池段1368地號(魚池苗圃內),1992/05/01,2015/09/07,　,　,　
C1H930,北山,393,120.8748,23.9853,南投縣,國姓鄉北山村頭溪巷7-1號旁,1992/05/01,2015/09/04,　,　,　
C1H940,雙冬,600,120.8023,23.9674,南投縣,草屯鎮雙冬里,1992/05/01,2011/10/31,因儀器汰換，於2011/11/1更變為(C1H941)站。,　,C1H941
C1H950,中寮,180,120.7665,23.8843,南投縣,中寮鄉復興村初中巷50號(中寮國中校園內),1992/05/01,2011/10/31,因擴充為氣象站，於2011/11/1升級為(C0H950)站。,　,C0H950
C1H960,草屯,75,120.6629,23.9971,南投縣,草屯鎮中山里草溪路791號(省都電臺內),1992/05/01,2011/10/31,因擴充為氣象站，於2011/11/1升級為(C0H960)站。,　,C0H960
C1H970,六分寮,425,120.6381,23.9255,南投縣,南投市鳳鳴里八卦路894號(西嶺國小內),1992/05/01,2011/10/31,因儀器汰換，於2011/11/1更變為(C1H971)站。,　,C1H971
C1H9B0,阿眉,1677,120.9943,24.126,南投縣,仁愛鄉(水利局雨量站旁),1990/07/21,2011/10/31,原(C1F880)站因縣市代碼不符，於2008/2/25重新編碼為(C1H9B0)站。因儀器汰換，於2011/11/1更變為(C1H9B1)站。,C1F880,C1H9B1
C1I040,文文社,1693,120.9935,23.8493,南投縣,仁愛鄉法治村良久林場內,1992/07/01,2015/11/09,　,　,　
C1I060,望鄉,2403,120.9282,23.6191,南投縣,信義鄉望美村望鄉工作站內(巒大事業區119林班),1992/07/01,2015/10/28,　,　,　
C1I080,信義,536,120.851,23.6897,南投縣,信義鄉自強村綠美巷(內茅埔林區23林班地),1992/07/01,2015/09/22,因擴充為氣象站，於2015/9/22升級為(C0I080)站。,　,C0I080
C1I100,溪頭,1771,120.8073,23.6613,南投縣,鹿谷鄉內湖村森林巷溪頭林營區(鳳凰山瞭望臺旁),1992/07/01,2011/10/31,因儀器汰換，於2011/11/1更變為(C1I101)站。,　,C1I101
C1I120,大鞍,1528,120.7598,23.6785,南投縣,竹山鎮樟空倫山之三角點附近,1992/07/01,2011/10/31,因儀器汰換，於2011/11/1更變為(C1I121)站。,　,C1I121
C1I130,桶頭,307,120.6537,23.6424,南投縣,竹山鎮鯉南路338號旁,1992/07/01,2011/10/31,因儀器汰換，於2011/11/1更變為(C1I131)站。,　,C1I131
C1I160,龍神橋,339,120.8715,23.7799,南投縣,水里鄉崁頂村(臺21線龍神橋附近),1993/03/01,2015/11/24,　,　,　
C1I170,集集,235,120.775,23.8264,南投縣,集集鎮集集加油站旁,1992/12/01,2015/09/24,　,　,　
C1I180,清水林,723,120.8204,24.0716,臺中市,太平區136縣道9.5k處旁約500公尺,2002/08/01,2008/02/24,原(C1I180)站因縣市代碼不符，於2008/2/25重新編碼為(C1F9J0)站。,　,C1F9J0
C1I190,水長流,660,120.8605,24.0618,南投縣,國姓鄉大旗農路末端,2002/08/01,2015/09/02,　,　,　
C1I200,中心崙,661,120.7123,23.7285,南投縣,竹山鎮之中心崙林道4.1km處,2002/08/01,2011/10/31,因儀器汰換，於2011/11/1更變為(C1I201)站。,　,C1I201
C1I210,蘆竹湳,566,120.812,23.9341,南投縣,中寮鄉清水村龍林巷4鄰58之6號旁,2002/08/01,2011/10/31,因儀器汰換，於2011/11/1更變為(C1I211)站。,　,C1I211
C1I270,水里,593,120.8541,23.832,南投縣,水里鄉聖母修道院內,2002/08/01,2015/09/23,　,　,　
C1I300,上安橋,781,120.8738,23.7283,南投縣,水里鄉(臺21線上安村段之三廓產業道路2k處梅園裡),2002/08/01,2015/11/24,　,　,　
C1I350,東埔,887,120.9251,23.5563,南投縣,信義鄉東埔村村辦公室籃球場旁,2002/08/01,2015/09/22,　,　,　
C1K230,西螺,79,120.4526,23.8044,雲林縣,西螺鎮西螺鎮東南路326號(東南中學內),1993/03/01,2015/05/27,　,　,　
C1K250,崙背,59,120.3189,23.7556,雲林縣,崙背鄉阿勸村阿勸農場(阿勸段487號),1993/03/01,2015/06/08,因擴充為氣象站，於2015/6/8升級為(C0K250)站。,　,C0K250
C1K260,後安寮,29,120.2332,23.7892,雲林縣,麥寮鄉後安村227號(雲林縣麥寮鄉豐安國民小學內),1993/03/01,2015/07/22,　,　,　
C1K270,褒忠,21,120.3081,23.7049,雲林縣,褒忠鄉埔姜村太湖路11號(埔姜工作站內),1993/03/01,2015/05/28,　,　,　
C1K310,斗六,40,120.5163,23.7055,雲林縣,斗六市保長路155號(雲林縣斗六市保長國民小學內),1993/03/01,2015/05/28,　,　,　
C1K320,阿丹,51,120.5119,23.658,雲林縣,斗南鎮將軍里溫厝1號(雲林縣斗南鎮重光國民小學內),1993/03/01,2015/05/27,　,　,　
C1K340,土庫,33,120.3899,23.688,雲林縣,土庫鎮石廟里復興路16號(雲林縣土庫國民中學內),1993/03/01,2015/05/28,　,　,　
C1K350,北港,24,120.2953,23.569,雲林縣,北港鎮光復路2號(北港糖廠內),1993/03/01,2015/05/26,　,　,　
C1K380,山豬湖,649,120.6012,23.5867,雲林縣,古坑鄉華山村松林路41號旁約100公尺,2002/08/01,2015/02/25,　,　,　
C1M440,新高口,2540,120.8789,23.4787,嘉義縣,阿里山鄉新高口臺(阿里山遊樂區往18號公路)(阿里山事業區221林班地),1992/05/01,2015/04/12,原(C1M440)站因縣市代碼不符，於2015/4/13重新編碼為(C1I440)站。,　,C1I440
C1M450,中坑,167,120.5256,23.5612,嘉義縣,大林鎮大糖里399號大埔美農場(中坑段中坑128號),1993/03/01,2015/06/05,　,　,　
C1M460,溪口,14,120.4043,23.604,嘉義縣,溪口鄉中正東路103號(嘉義縣立溪口國民中學內),1993/03/01,2015/05/20,　,　,　
C1M470,鰲鼓,23,120.1489,23.5052,嘉義縣,東石鄉鰲鼓村四股67號(臺灣糖業公司鰲鼓農場),1993/03/01,2015/05/25,　,　,　
C1M490,內埔,130,120.5642,23.4854,嘉義縣,竹崎鄉內埔村元興路2號(嘉義縣竹崎鄉內埔國民小學內),1993/03/01,2015/06/03,　,　,　
C1M500,魚寮,41,120.3623,23.4783,嘉義縣,太保市港尾村農場1號白鴿厝農場(白鴿厝段白鴿厝小段139內號),1993/03/01,2015/05/21,　,　,　
C1M510,朴子,8,120.2577,23.4698,嘉義縣,朴子市德奐里120號(農業改良場朴子分場),1993/03/01,2015/05/26,　,　,　
C1M520,東後寮,6,120.2484,23.3697,嘉義縣,義竹鄉東光村東後寮農場(新庄段新庄小段33號),1993/03/01,2015/04/27,因擴充為氣象站，於2015/7/1升級為(C0M520)站。,　,C0M520
C1M540,小公田,768,120.581,23.3618,嘉義縣,番路鄉分水嶺休息站後方山丘上,1993/03/01,2015/06/03,　,　,　
C1M550,中埔,110,120.5203,23.4235,嘉義縣,中埔鄉中埔村177號(中埔國民中學內),1993/03/01,2005/12/01,因移位，於2006/3/27更變為(C1M551)站。,　,C1M551
C1M551,中埔,110,120.5238,23.4211,嘉義縣,中埔鄉中埔村中正路1號(中埔國民小學校園內),2006/03/27,2015/06/03,原(C1M550)站因移位，於2006/3/27更變為(C1M551)站。,C1M550,　
C1M560,南靖,43,120.3841,23.4124,嘉義縣,水上鄉靖和村1號南靖糖廠(南靖段867內號),1993/03/01,2015/05/26,　,　,　
C1M630,豐山,1052,120.7488,23.5951,嘉義縣,阿里山鄉豐山村石鼓磐98號旁約200公尺處,2002/08/01,2013/10/04,　,　,　
C1N000,沙崙,25,120.3092,22.9358,臺南市,歸仁區沙崙里184號北沙崙農場,1992/05/01,2013/07/31,因儀器汰換，於2013/8/1更變為(C1N001)站。,　,C1N001
C1O820,左鎮,30,120.4042,23.0551,臺南市,左鎮區71301中正里7號(左鎮國民小學內),1988/12/01,2013/03/08,　,　,　
C1O830,北寮,105,120.4945,23.0796,臺南市,南化區北寮里48-4號,1988/12/01,2013/03/11,因擴充為氣象站，於2013/4/18升級為(C0O830)站。,　,C0O830
C1O840,王爺宮,144,120.3992,23.2208,臺南市,六甲區王爺里9鄰王爺宮15號,1988/12/01,2013/08/14,因觀測條件不佳及擴充為氣象站，於2013/12/1升級為(C0O840)站。,　,C0O840
C1O860,大內,61,120.3614,23.1202,臺南市,大內區74201大內里63號(大內國民小學),1988/12/01,2013/07/31,因擴充為氣象站，於2013/8/1升級為(C0O860)站。,　,C0O860
C1O920,楠西,150,120.4845,23.1833,臺南市,楠西區中興路107號(楠西國民中學內),1988/12/01,2013/03/07,因儀器汰換，於2013/4/18更變為(C1O921)站。,　,C1O921
C1O950,和順,4,120.1448,23.0766,臺南市,安南區公學路6段589號(學東國民小學分校內),1992/05/01,2013/07/31,因擴充為氣象站，於2013/8/1升級為(C0O950)站。,　,C0O950
C1O960,崎頂,80,120.3689,22.9596,臺南市,龍崎區中坑里5鄰13號,1992/05/01,2013/02/23,因擴充為氣象站，於2013/2/23升級為(C0O960)站，2013/4/18完成驗收。,　,C0O960
C1O970,虎頭埤,60,120.3478,23.0213,臺南市,新化區口埤18號(新化分場),1992/05/01,2013/07/31,因擴充為氣象站，於2013/8/1升級為(C0O970)站。,　,C0O970
C1O980,新市,76,120.2987,23.0622,臺南市,新市區永就里53號(番子寮農場),1992/05/01,2013/07/31,因擴充為氣象站，於2013/8/1升級為(C0O980)站。,　,C0O980
C1O990,媽廟,23,120.2934,22.9916,臺南市,歸仁區中正北路3段60號(保西國民小學內),1992/05/01,2013/07/31,因擴充為氣象站，於2013/8/1升級為(C0O990)站。,　,C0O990
C1P9A0,三爺,35,120.2799,22.8371,高雄市,路竹區82108三爺里民權路7號(三埤國民小學),1992/05/01,2013/10/01,原(C1R180)站因縣市代碼不符，於2008/2/25重新編碼為(C1P9A0)站。,C1R180,　
C1R090,里港,42,120.4966,22.8002,屏東縣,里港鄉中和村中和路14-9號,1992/05/01,2013/06/20,　,　,　
C1R130,阿禮,1040,120.7436,22.7427,屏東縣,霧臺鄉(屏東事業區第46林班)由山地文化村開車約2小時需徒步轉波站前面,1992/05/01,2013/07/31,因擴充為氣象站，於2013/8/1升級為(C0R130)站。,　,C0R130
C1R140,瑪家,740,120.687,22.683,屏東縣,瑪家鄉瑪家村4鄰24號(後山),1992/05/01,2013/07/31,因擴充為氣象站，於2013/8/1升級為(C0R140)站。,　,C0R140
C1R160,新圍,45,120.5308,22.7396,屏東縣,鹽埔鄉彭厝國民小學校園,1992/05/01,2013/08/12,於2013/12/1變更為(C0R160)站。,　,C0R160
C1R170,屏東,26,120.4941,22.6603,屏東縣,屏東市復興路245號(台灣糖業公司屏東區處場區內),1992/05/01,2013/08/08,2013/12/1變更為(C0R170)站。,　,C0R170
C1R180,三爺,35,120.28,22.8366,高雄市,路竹區三爺里民權路7號(三埤國民小學),1992/05/01,2008/02/24,原(C1R180)站因縣市代碼不符，於2008/2/25重新編碼為(C1P9A0)站。,　,C1P9A0
C1R190,赤山,48,120.6164,22.591,屏東縣,萬巒鄉東山路1號赤山農場(赤山段217號),1992/05/01,2013/09/30,因觀測環境不佳，於2013/12/1遷移至(C0R190)站。,　,C0R190
C1R200,龍泉,61,120.6022,22.6671,屏東縣,內埔鄉龍泉村原勝路6號(崇文國民小學內),1992/05/01,2013/07/31,因儀器汰換，於2013/8/1更變為(C1R201)站。,　,C1R201
C1R210,麟洛,54,120.5518,22.6573,屏東縣,麟洛鄉新田村信義路農場巷10號月縊寮溪農場(麟洛段1689號),1992/05/01,2013/06/19,　,　,　
C1R230,南州,20,120.5165,22.4926,屏東縣,南州鄉溪北村永安路1號(南州糖廠內),1992/05/01,2013/06/13,　,　,　
C1R240,來義,87,120.6251,22.5273,屏東縣,萬巒鄉新隆路64號萬隆農場(佳佐段180號),1997/07/01,2013/09/24,因擴充為氣象站，於2013/12/1升級為(C0R240)站。,　,C0R240
C1R260,春日,76,120.6283,22.3704,屏東縣,春日鄉春日國民小學內,1997/07/01,2013/08/30,因擴充為氣象站，於2013/12/1升級為(C0R260)站。,　,C0R260
C1R310,壽卡,489,120.8589,22.2389,屏東縣,牡丹鄉(潮州事業區46林班地)電信轉播站後方,1997/07/01,2015/04/13,原(C1R310)站因縣市代碼不符，於2015/4/13重新編碼為(C1S880)站。,　,C1S880
C1S640,東河,65,121.3064,22.9718,臺東縣,東河鄉北東河17鄰26號(東河國民小學操場旁),1997/07/01,2004/05/31,站因擴充為氣象站，於2004/6/1升級為(C0S810)站。,　,C0S810
C1S650,長濱,288,121.412,23.2868,臺東縣,長濱鄉竹湖村移民橋後方山頂三角點旁,1997/07/01,2004/05/31,因擴充為氣象站，於2004/6/1升級為(C0S830)站。,　,C0S830
C1T850,吉安,50,121.5628,23.9733,花蓮縣,吉安鄉吉安村吉安路2段97號(吉安國民小學教室之屋頂上),1996/01/01,2017/05/05,　,　,　
C1T860,銅門,168,121.4927,23.966,花蓮縣,秀林鄉銅門村12鄰108號(銅門國小後面農地上),1996/01/01,2017/05/04,因移位，本站於2017/3/29起進行儀器汰換，於2017/6/3變更為(C1Z130)站。。,　,C1Z130
C1T880,吳全城,27,121.5479,23.8869,花蓮縣,壽豐鄉平和村吳全10號(和平國小之吳全國小操場旁),1996/01/01,2013/11/26,　,　,　
C1T890,壽豐,40,121.5079,23.8691,花蓮縣,壽豐鄉壽豐村壽山路19號(壽豐國民小學操場旁),1996/01/01,2017/05/02,因移位，本站於2017/5/2起進行儀器汰換，於2017/6/3變更為(C1Z120)站。,　,C1Z120
C1T900,西林,160,121.4178,23.8068,花蓮縣,萬榮鄉西林路8鄰114號(西林國民小學運動場旁),1996/01/01,2010/06/30,因擴充為氣象站，於2010/7/1升級為(C0T900)站。,　,C0T900
C1T930,鳳林,130,121.4456,23.7436,花蓮縣,鳳林鎮鳳智里中正路2段1號(鳳林國民小學後方鐵道旁),1996/01/01,2017/05/04,因移位及升級，本站於2017/5/4起進行儀器汰換，於2017/6/3變更為(C0Z160)站。,　,C0Z160
C1U521,雙連埤,517,121.6412,24.7529,宜蘭縣,員山鄉雙連埤地區(需徒步20分鐘),1996/01/01,2010/06/30,因擴充為氣象站，於2010/7/1升級為(C0U520)站。,C1U520,C0U520
C1U590,頭城,6,121.8146,24.8519,宜蘭縣,頭城鎮新建里新興路111號(頭城家商操場角落),1996/01/01,2015/05/14,　,　,　
C1U620,壯圍,17,121.7896,24.7437,宜蘭縣,壯圍鄉壯五路40號(壯圍國民小學操場旁),1996/01/01,2010/06/30,因擴充為氣象站，於2010/7/1升級為(C0U620)站。,　,C0U620
C1U680,冬山,22,121.7935,24.6324,宜蘭縣,冬山鄉南興村照安路26號(冬山國民中學內),1996/01/01,2010/06/30,因擴充為氣象站，於2010/7/1升級為(C0U680)站。,　,C0U680
C1U700,土場,370,121.4971,24.5724,宜蘭縣,大同鄉太平山遊樂區售票口前方250公尺路旁,1996/01/01,2009/10/06,　,　,　
C1V180,大寮,24,120.432,22.61,高雄市,大寮區琉球里農場路12-1號(大寮農場),1992/05/01,2013/06/13,　,　,　
C1V210,復興,700,120.8059,23.2224,高雄市,桃源區復興里復興巷1鄰15號,1992/05/01,2013/03/08,因擴充為氣象站，於2013/3/18升級為(C0V210)站，於2013/4/18完成驗收。,　,C0V210
C1V230,高中,731,120.7167,23.1349,高雄市,桃源區高中里,1992/05/01,2013/03/11,因儀器汰換，於2013/4/18更變為(C1V231)站。,　,C1V231
C1V240,新發,470,120.6601,23.0521,高雄市,六龜區荖濃里2鄰水冬瓜44號旁,1992/05/01,2013/09/27,　,　,　
C1V260,月眉,112,120.5398,22.9713,高雄市,杉林區月眉里山仙路1號月眉農場(杉林區月眉段2181號),1992/05/01,2013/07/31,因擴充為氣象站，於2013/8/1升級為(C0V260)站。,　,C0V260
C1V270,溪南,1792,120.8064,23.076,高雄市,桃源區荖濃溪事業區54林班地(籐枝山遊樂區右邊往林道車程約45分鐘),1992/05/01,2013/10/23,　,　,　
C1V280,藤枝,1533,120.7542,23.0749,高雄市,桃源區,1992/05/01,1995/08/15,　,　,　
C1V290,新集,1166,120.7939,23.0352,高雄市,桃源區荖濃溪事業區34林班地(藤枝山遊樂區往下500公尺車程約2小時),1992/05/01,2013/07/31,　,　,　
C1V320,吉東,95,120.5572,22.8412,高雄市,美濃區獅山里21鄰獅山街37號(高美大橋堤防邊),1992/05/01,2013/05/16,　,　,　
C1V330,旗山,63,120.4943,22.8777,高雄市,旗山區糖廠里忠孝街33號旗山糖廠(旗尾段2052號),1992/05/01,2013/06/06,　,　,　
C1V350,溪埔,36,120.4468,22.7386,高雄市,大樹區溪埔里之台21線285k-286k間,1992/05/01,2013/08/10,因擴充為氣象站，於2013/12/1升級為(C0V350)站。,　,C0V350
C1V360,木柵,94,120.4668,22.9755,高雄市,內門區木柵里木柵3號(木柵國民小學),1992/05/01,2013/09/16,因擴充為氣象站，於2013/12/1升級為(C0V360)站，站名更變為內門。,　,C0V360
C1V380,路竹,16,120.2922,22.8791,高雄市,路竹區環球路72號新園農場,1992/05/01,2011/12/06,　,　,　
C1V400,竹子腳,51,120.3434,22.813,高雄市,燕巢區西燕里工程路1號(阿公店水庫內),1992/05/01,2013/10/01,因擴充為氣象站，於2013/12/1升級為(C0V400)站，站名更變為阿公店。,　,C0V400
C1V410,岡山,31,120.2977,22.7552,高雄市,橋頭區新莊里仕元路左邊一號白樹子農場(橋頭區白樹子段1035號),1992/05/01,2013/10/02,　,　,　
C1V420,鳳雄,55,120.3526,22.7508,高雄市,大社區保社里民權路126號鳳山厝農場(大社區保舍甲段1037號),1992/05/01,2013/09/30,　,　,　
C1V430,左營,13,120.2953,22.6772,高雄市,左營區曾子路281號(左營國中內),1992/05/01,2013/09/03,因移位及擴充為氣象站，於2013/12/1升級為(C0V430)站。,　,C0V430
C1V440,鳳山,27,120.3561,22.6467,高雄市,鳳山區文山路園藝巷4號(鳳山熱帶園藝試驗分所),1992/05/01,2013/09/03,因移位及擴充為氣象，於2013/12/1升級為(C0V440)站。,　,C0V440
C1V450,鳳森,61,120.3845,22.538,高雄市,小港區水庫段56地號(鳳山水庫警衛室旁),1992/05/01,2012/07/31,因移位，於2012/7/31更變為(C1V451)站。,　,C1V451
C1V451,鳳森,51,120.3926,22.5452,高雄市,小港區水庫段96-1地號(鳳山給水廠內),2012/07/31,2013/09/13,因擴充為氣象站，於2013/12/1升級為(C0V450)站。,C1V450,C0V450
C1V460,楠溪,1857,120.8926,23.4364,高雄市,桃源區(楠溪林道17k處愛玉工寮，車程約1小時),1993/03/06,2017/02/02,　,　,　
C1V530,阿蓮,34,120.3276,22.8832,高雄市,阿蓮區民生路94號(阿蓮區公所),2012/01/01,2013/07/31,因擴充為氣象站，於2013/8/1升級為(C0V530)站。,　,C0V530
C1X010,岸內,15,120.26051,23.329819,臺南市,鹽水區岸內里96號,1993/03/01,2015/05/26,　,　,　
C1X030,白河,33,120.42902,23.325181,臺南市,白河區崁頭里65號白河農場(崁子頭839號),1993/03/01,2015/05/19,　,　,　
C1X050,東河,19,120.3853,23.2969,臺南市,東山區東河里吉貝耍64號(東河水利工作站),1993/03/01,2015/04/10,因擴充為氣象站及移位，於2015/7/1升級為(C0X050)站。,　,C0X050
C1X060,下營,19,120.2563,23.227,臺南市,下營區仁里里下營國小附近,1993/03/01,2015/05/13,因擴充為氣象站，於2015/7/1升級為(C0X060)站。,　,C0X060
C1X070,北門,4,120.1249,23.2682,臺南市,北門區北門里舊悜119號(北門電信局後方觀測坪),1993/03/01,2015/06/02,　,　,　
C1X090,七股,6,120.1461,23.1418,臺南市,七股區昭明國中後方,1993/03/01,2015/05/29,　,　,　
C1Z020,明里,211,121.2623,23.2088,花蓮縣,富里鄉明里村明里社區後方山上,1997/07/01,2010/06/30,因擴充為氣象站，於2010/7/1升級為(C0Z020)站。,　,C0Z020
